Group;Pollutant;Pollutant_label;Outcome;Outcome_label;Lag_weeks;N;Spearman_rho;p_value;Interpretation
Overall;NO2_mean;Weekly mean NO2;Respiratory_rate_per_10000;Respiratory acute event rate;0;522;0.33551320385672573;3.36257486602602e-15;"weak positive association; statistically significant at p < 0.05"
Overall;NO2_mean;Weekly mean NO2;Respiratory_rate_per_10000;Respiratory acute event rate;1;518;0.35613287313077086;6.188881801703023e-17;"weak positive association; statistically significant at p < 0.05"
Overall;NO2_mean;Weekly mean NO2;Respiratory_rate_per_10000;Respiratory acute event rate;2;514;0.35130419372648913;2.2434736644596924e-16;"weak positive association; statistically significant at p < 0.05"
Overall;NO2_mean;Weekly mean NO2;Respiratory_rate_per_10000;Respiratory acute event rate;3;510;0.3266157125765529;3.836701776845708e-14;"weak positive association; statistically significant at p < 0.05"
Overall;NO2_mean;Weekly mean NO2;Respiratory_rate_per_10000;Respiratory acute event rate;4;506;0.3179786635511113;2.3702107849180674e-13;"weak positive association; statistically significant at p < 0.05"
Overall;NO2_mean;Weekly mean NO2;Cardiocirculatory_rate_per_10000;Cardiocirculatory acute event rate;0;522;0.202746245876217;3.016578807516522e-06;"weak positive association; statistically significant at p < 0.05"
Overall;NO2_mean;Weekly mean NO2;Cardiocirculatory_rate_per_10000;Cardiocirculatory acute event rate;1;518;0.20886972623228742;1.624310574903374e-06;"weak positive association; statistically significant at p < 0.05"
Overall;NO2_mean;Weekly mean NO2;Cardiocirculatory_rate_per_10000;Cardiocirculatory acute event rate;2;514;0.20771957287385934;2.036516009252799e-06;"weak positive association; statistically significant at p < 0.05"
Overall;NO2_mean;Weekly mean NO2;Cardiocirculatory_rate_per_10000;Cardiocirculatory acute event rate;3;510;0.1769502809575359;5.8683101031028873e-05;"very weak positive association; statistically significant at p < 0.05"
Overall;NO2_mean;Weekly mean NO2;Cardiocirculatory_rate_per_10000;Cardiocirculatory acute event rate;4;506;0.16652617419308968;0.00016791707324730927;"very weak positive association; statistically significant at p < 0.05"
Overall;PM25_mean;Weekly mean PM2.5;Respiratory_rate_per_10000;Respiratory acute event rate;0;520;0.30564031707530465;1.0478042802747875e-12;"weak positive association; statistically significant at p < 0.05"
Overall;PM25_mean;Weekly mean PM2.5;Respiratory_rate_per_10000;Respiratory acute event rate;1;516;0.34243625994749954;1.2140882220331538e-15;"weak positive association; statistically significant at p < 0.05"
Overall;PM25_mean;Weekly mean PM2.5;Respiratory_rate_per_10000;Respiratory acute event rate;2;512;0.29726445908005833;6.61699559048055e-12;"weak positive association; statistically significant at p < 0.05"
Overall;PM25_mean;Weekly mean PM2.5;Respiratory_rate_per_10000;Respiratory acute event rate;3;508;0.28363511968000193;7.452640746893135e-11;"weak positive association; statistically significant at p < 0.05"
Overall;PM25_mean;Weekly mean PM2.5;Respiratory_rate_per_10000;Respiratory acute event rate;4;504;0.27947969630311353;1.6981284568182835e-10;"weak positive association; statistically significant at p < 0.05"
Overall;PM25_mean;Weekly mean PM2.5;Cardiocirculatory_rate_per_10000;Cardiocirculatory acute event rate;0;520;0.19939478194763335;4.604416729246589e-06;"very weak positive association; statistically significant at p < 0.05"
Overall;PM25_mean;Weekly mean PM2.5;Cardiocirculatory_rate_per_10000;Cardiocirculatory acute event rate;1;516;0.2117186391639335;1.2174384990055834e-06;"weak positive association; statistically significant at p < 0.05"
Overall;PM25_mean;Weekly mean PM2.5;Cardiocirculatory_rate_per_10000;Cardiocirculatory acute event rate;2;512;0.16390065084631644;0.0001954685124202931;"very weak positive association; statistically significant at p < 0.05"
Overall;PM25_mean;Weekly mean PM2.5;Cardiocirculatory_rate_per_10000;Cardiocirculatory acute event rate;3;508;0.1467445384401884;0.0009089806061653776;"very weak positive association; statistically significant at p < 0.05"
Overall;PM25_mean;Weekly mean PM2.5;Cardiocirculatory_rate_per_10000;Cardiocirculatory acute event rate;4;504;0.15105448892780005;0.000668245410124531;"very weak positive association; statistically significant at p < 0.05"
Industrial;NO2_mean;Weekly mean NO2;Respiratory_rate_per_10000;Respiratory acute event rate;0;261;0.3831931439708752;1.4822274172455824e-10;"weak positive association; statistically significant at p < 0.05"
Industrial;NO2_mean;Weekly mean NO2;Respiratory_rate_per_10000;Respiratory acute event rate;1;259;0.44117112816498966;9.237188830179613e-14;"moderate positive association; statistically significant at p < 0.05"
Industrial;NO2_mean;Weekly mean NO2;Respiratory_rate_per_10000;Respiratory acute event rate;2;257;0.4435049364859542;8.25742811554981e-14;"moderate positive association; statistically significant at p < 0.05"
Industrial;NO2_mean;Weekly mean NO2;Respiratory_rate_per_10000;Respiratory acute event rate;3;255;0.3866139079539921;1.6187729515145696e-10;"weak positive association; statistically significant at p < 0.05"
Industrial;NO2_mean;Weekly mean NO2;Respiratory_rate_per_10000;Respiratory acute event rate;4;253;0.36432877942747677;2.3314530435158027e-09;"weak positive association; statistically significant at p < 0.05"
Industrial;NO2_mean;Weekly mean NO2;Cardiocirculatory_rate_per_10000;Cardiocirculatory acute event rate;0;261;0.32522355433582556;7.6253069302509e-08;"weak positive association; statistically significant at p < 0.05"
Industrial;NO2_mean;Weekly mean NO2;Cardiocirculatory_rate_per_10000;Cardiocirculatory acute event rate;1;259;0.32371755031542554;9.890988122253085e-08;"weak positive association; statistically significant at p < 0.05"
Industrial;NO2_mean;Weekly mean NO2;Cardiocirculatory_rate_per_10000;Cardiocirculatory acute event rate;2;257;0.3456725515535075;1.263458218973304e-08;"weak positive association; statistically significant at p < 0.05"
Industrial;NO2_mean;Weekly mean NO2;Cardiocirculatory_rate_per_10000;Cardiocirculatory acute event rate;3;255;0.32551014989455185;1.0492658957255511e-07;"weak positive association; statistically significant at p < 0.05"
Industrial;NO2_mean;Weekly mean NO2;Cardiocirculatory_rate_per_10000;Cardiocirculatory acute event rate;4;253;0.2694177231143196;1.3944331544928998e-05;"weak positive association; statistically significant at p < 0.05"
Industrial;PM25_mean;Weekly mean PM2.5;Respiratory_rate_per_10000;Respiratory acute event rate;0;260;0.3504815842246579;6.268649495437626e-09;"weak positive association; statistically significant at p < 0.05"
Industrial;PM25_mean;Weekly mean PM2.5;Respiratory_rate_per_10000;Respiratory acute event rate;1;258;0.41234441019045925;5.180826295434297e-12;"moderate positive association; statistically significant at p < 0.05"
Industrial;PM25_mean;Weekly mean PM2.5;Respiratory_rate_per_10000;Respiratory acute event rate;2;256;0.3670079216898582;1.395181178658644e-09;"weak positive association; statistically significant at p < 0.05"
Industrial;PM25_mean;Weekly mean PM2.5;Respiratory_rate_per_10000;Respiratory acute event rate;3;254;0.3484961557660778;1.1524367467709864e-08;"weak positive association; statistically significant at p < 0.05"
Industrial;PM25_mean;Weekly mean PM2.5;Respiratory_rate_per_10000;Respiratory acute event rate;4;252;0.3385155161300186;3.5761149561852686e-08;"weak positive association; statistically significant at p < 0.05"
Industrial;PM25_mean;Weekly mean PM2.5;Cardiocirculatory_rate_per_10000;Cardiocirculatory acute event rate;0;260;0.35831759225312426;2.705354480648956e-09;"weak positive association; statistically significant at p < 0.05"
Industrial;PM25_mean;Weekly mean PM2.5;Cardiocirculatory_rate_per_10000;Cardiocirculatory acute event rate;1;258;0.36812124422968573;1.06248868574317e-09;"weak positive association; statistically significant at p < 0.05"
Industrial;PM25_mean;Weekly mean PM2.5;Cardiocirculatory_rate_per_10000;Cardiocirculatory acute event rate;2;256;0.35381013590578575;5.791024739703474e-09;"weak positive association; statistically significant at p < 0.05"
Industrial;PM25_mean;Weekly mean PM2.5;Cardiocirculatory_rate_per_10000;Cardiocirculatory acute event rate;3;254;0.32017395708449387;1.8331847000111627e-07;"weak positive association; statistically significant at p < 0.05"
Industrial;PM25_mean;Weekly mean PM2.5;Cardiocirculatory_rate_per_10000;Cardiocirculatory acute event rate;4;252;0.27852598311292576;7.168619175157399e-06;"weak positive association; statistically significant at p < 0.05"
Agricultural;NO2_mean;Weekly mean NO2;Respiratory_rate_per_10000;Respiratory acute event rate;0;261;0.30065831803245713;7.461586647500834e-07;"weak positive association; statistically significant at p < 0.05"
Agricultural;NO2_mean;Weekly mean NO2;Respiratory_rate_per_10000;Respiratory acute event rate;1;259;0.29789247240984124;1.0489306418663725e-06;"weak positive association; statistically significant at p < 0.05"
Agricultural;NO2_mean;Weekly mean NO2;Respiratory_rate_per_10000;Respiratory acute event rate;2;257;0.2878590452220425;2.7064718274386888e-06;"weak positive association; statistically significant at p < 0.05"
Agricultural;NO2_mean;Weekly mean NO2;Respiratory_rate_per_10000;Respiratory acute event rate;3;255;0.2831252889338139;4.363637756376357e-06;"weak positive association; statistically significant at p < 0.05"
Agricultural;NO2_mean;Weekly mean NO2;Respiratory_rate_per_10000;Respiratory acute event rate;4;253;0.28176210880388425;5.312038417133623e-06;"weak positive association; statistically significant at p < 0.05"
Agricultural;NO2_mean;Weekly mean NO2;Cardiocirculatory_rate_per_10000;Cardiocirculatory acute event rate;0;261;0.13926002526948372;0.02444955741400339;"very weak positive association; statistically significant at p < 0.05"
Agricultural;NO2_mean;Weekly mean NO2;Cardiocirculatory_rate_per_10000;Cardiocirculatory acute event rate;1;259;0.14869556671363376;0.016630265071951013;"very weak positive association; statistically significant at p < 0.05"
Agricultural;NO2_mean;Weekly mean NO2;Cardiocirculatory_rate_per_10000;Cardiocirculatory acute event rate;2;257;0.13396544539957986;0.031805493187713745;"very weak positive association; statistically significant at p < 0.05"
Agricultural;NO2_mean;Weekly mean NO2;Cardiocirculatory_rate_per_10000;Cardiocirculatory acute event rate;3;255;0.09954436951522931;0.11280117985441734;"very weak positive association; not statistically significant"
Agricultural;NO2_mean;Weekly mean NO2;Cardiocirculatory_rate_per_10000;Cardiocirculatory acute event rate;4;253;0.128943888579632;0.04042450702275992;"very weak positive association; statistically significant at p < 0.05"
Agricultural;PM25_mean;Weekly mean PM2.5;Respiratory_rate_per_10000;Respiratory acute event rate;0;260;0.2606590339596979;2.075951980947951e-05;"weak positive association; statistically significant at p < 0.05"
Agricultural;PM25_mean;Weekly mean PM2.5;Respiratory_rate_per_10000;Respiratory acute event rate;1;258;0.2834497198799082;3.7280700844864055e-06;"weak positive association; statistically significant at p < 0.05"
Agricultural;PM25_mean;Weekly mean PM2.5;Respiratory_rate_per_10000;Respiratory acute event rate;2;256;0.2377411964809421;0.0001228085001820038;"weak positive association; statistically significant at p < 0.05"
Agricultural;PM25_mean;Weekly mean PM2.5;Respiratory_rate_per_10000;Respiratory acute event rate;3;254;0.22991167288088005;0.00021924220191446843;"weak positive association; statistically significant at p < 0.05"
Agricultural;PM25_mean;Weekly mean PM2.5;Respiratory_rate_per_10000;Respiratory acute event rate;4;252;0.22501266801765984;0.0003176207314434703;"weak positive association; statistically significant at p < 0.05"
Agricultural;PM25_mean;Weekly mean PM2.5;Cardiocirculatory_rate_per_10000;Cardiocirculatory acute event rate;0;260;0.1182162469136634;0.056952457672466476;"very weak positive association; not statistically significant"
Agricultural;PM25_mean;Weekly mean PM2.5;Cardiocirculatory_rate_per_10000;Cardiocirculatory acute event rate;1;258;0.14955394615521786;0.016213968894401565;"very weak positive association; statistically significant at p < 0.05"
Agricultural;PM25_mean;Weekly mean PM2.5;Cardiocirculatory_rate_per_10000;Cardiocirculatory acute event rate;2;256;0.05722285041367942;0.36185695813188307;"very weak positive association; not statistically significant"
Agricultural;PM25_mean;Weekly mean PM2.5;Cardiocirculatory_rate_per_10000;Cardiocirculatory acute event rate;3;254;0.058859406334583614;0.3501760484580812;"very weak positive association; not statistically significant"
Agricultural;PM25_mean;Weekly mean PM2.5;Cardiocirculatory_rate_per_10000;Cardiocirculatory acute event rate;4;252;0.10919255482537732;0.08364161128197352;"very weak positive association; not statistically significant"
