Stazione, Nuvolento - ModAria
-999 Valore mancante o invalido

Data/Ora, Biossido di Azoto - µg/m³
2016/01/01 00:00,36.9000
2016/01/02 00:00,33.5000
2016/01/03 00:00,41.0000
2016/01/04 00:00,32.2000
2016/01/05 00:00,34.7000
2016/01/06 00:00,35.8000
2016/01/07 00:00,47.5000
2016/01/08 00:00,44.1000
2016/01/09 00:00,43.1000
2016/01/10 00:00,46.7000
2016/01/11 00:00,41.5000
2016/01/12 00:00,49.9000
2016/01/13 00:00,38.9000
2016/01/14 00:00,43.4000
2016/01/15 00:00,35.9000
2016/01/16 00:00,27.2000
2016/01/17 00:00,18.6000
2016/01/18 00:00,39.6000
2016/01/19 00:00,46.1000
2016/01/20 00:00,53.9000
2016/01/21 00:00,53.7000
2016/01/22 00:00,47.1000
2016/01/23 00:00,55.6000
2016/01/24 00:00,50.8000
2016/01/25 00:00,70.1000
2016/01/26 00:00,62.7000
2016/01/27 00:00,70.2000
2016/01/28 00:00,73.8000
2016/01/29 00:00,71.7000
2016/01/30 00:00,59.7000
2016/01/31 00:00,51.5000
2016/02/01 00:00,52.0000
2016/02/02 00:00,48.2000
2016/02/03 00:00,38.3000
2016/02/04 00:00,31.0000
2016/02/05 00:00,39.8000
2016/02/06 00:00,41.1000
2016/02/07 00:00,24.6000
2016/02/08 00:00,42.8000
2016/02/09 00:00,44.1000
2016/02/10 00:00,31.7000
2016/02/11 00:00,34.6000
2016/02/12 00:00,30.6000
2016/02/13 00:00,42.7000
2016/02/14 00:00,32.3000
2016/02/15 00:00,28.8000
2016/02/16 00:00,32.7000
2016/02/17 00:00,38.6000
2016/02/18 00:00,40.8000
2016/02/19 00:00,33.1000
2016/02/20 00:00,37.0000
2016/02/21 00:00,47.2000
2016/02/22 00:00,51.3000
2016/02/23 00:00,44.9000
2016/02/24 00:00,26.8000
2016/02/25 00:00,40.7000
2016/02/26 00:00,29.0000
2016/02/27 00:00,21.1000
2016/02/28 00:00,11.1000
2016/02/29 00:00,13.7000
2016/03/01 00:00,25.5000
2016/03/02 00:00,20.0000
2016/03/03 00:00,21.1000
2016/03/04 00:00,28.5000
2016/03/05 00:00,20.9000
2016/03/06 00:00,32.4000
2016/03/07 00:00,34.1000
2016/03/08 00:00,24.3000
2016/03/09 00:00,27.7000
2016/03/10 00:00,27.4000
2016/03/11 00:00,30.8000
2016/03/12 00:00,20.1000
2016/03/13 00:00,19.2000
2016/03/14 00:00,23.4000
2016/03/15 00:00,23.9000
2016/03/16 00:00,13.9000
2016/03/17 00:00,28.0000
2016/03/18 00:00,31.5000
2016/03/19 00:00,31.3000
2016/03/20 00:00,21.2000
2016/03/21 00:00,21.6000
2016/03/22 00:00,17.8000
2016/03/23 00:00,19.0000
2016/03/24 00:00,21.4000
2016/03/25 00:00,22.3000
2016/03/26 00:00,23.3000
2016/03/27 00:00,15.3000
2016/03/28 00:00,16.4000
2016/03/29 00:00,29.2000
2016/03/30 00:00,27.4000
2016/03/31 00:00,27.7000
2016/04/01 00:00,18.0000
2016/04/02 00:00,16.4000
2016/04/03 00:00,13.7000
2016/04/04 00:00,17.7000
2016/04/05 00:00,22.5000
2016/04/06 00:00,20.6000
2016/04/07 00:00,19.7000
2016/04/08 00:00,16.8000
2016/04/09 00:00,14.3000
2016/04/10 00:00,14.0000
2016/04/11 00:00,18.8000
2016/04/12 00:00,19.1000
2016/04/13 00:00,13.3000
2016/04/14 00:00,14.9000
2016/04/15 00:00,17.7000
2016/04/16 00:00,14.5000
2016/04/17 00:00,14.5000
2016/04/18 00:00,14.5000
2016/04/19 00:00,18.9000
2016/04/20 00:00,14.5000
2016/04/21 00:00,20.0000
2016/04/22 00:00,24.3000
2016/04/23 00:00,15.9000
2016/04/24 00:00,10.6000
2016/04/25 00:00,12.6000
2016/04/26 00:00,15.8000
2016/04/27 00:00,16.2000
2016/04/28 00:00,19.3000
2016/04/29 00:00,20.6000
2016/04/30 00:00,12.5000
2016/05/01 00:00,11.9000
2016/05/02 00:00,13.9000
2016/05/03 00:00,14.4000
2016/05/04 00:00,13.8000
2016/05/05 00:00,11.7000
2016/05/06 00:00,14.9000
2016/05/07 00:00,12.1000
2016/05/08 00:00,9.4000
2016/05/09 00:00,12.5000
2016/05/10 00:00,15.5000
2016/05/11 00:00,11.6000
2016/05/12 00:00,16.1000
2016/05/13 00:00,27.1000
2016/05/14 00:00,17.2000
2016/05/15 00:00,8.6000
2016/05/16 00:00,10.6000
2016/05/17 00:00,13.6000
2016/05/18 00:00,18.1000
2016/05/19 00:00,14.7000
2016/05/20 00:00,21.2000
2016/05/21 00:00,16.9000
2016/05/22 00:00,9.7000
2016/05/23 00:00,14.5000
2016/05/24 00:00,18.2000
2016/05/25 00:00,22.4000
2016/05/26 00:00,15.8000
2016/05/27 00:00,14.5000
2016/05/28 00:00,11.8000
2016/05/29 00:00,10.9000
2016/05/30 00:00,19.4000
2016/05/31 00:00,11.3000
2016/06/01 00:00,23.4000
2016/06/02 00:00,14.0000
2016/06/03 00:00,16.9000
2016/06/04 00:00,15.5000
2016/06/05 00:00,8.2000
2016/06/06 00:00,12.3000
2016/06/07 00:00,13.1000
2016/06/08 00:00,17.3000
2016/06/09 00:00,13.7000
2016/06/10 00:00,13.6000
2016/06/11 00:00,14.8000
2016/06/12 00:00,12.4000
2016/06/13 00:00,15.0000
2016/06/14 00:00,10.2000
2016/06/15 00:00,13.4000
2016/06/16 00:00,8.6000
2016/06/17 00:00,19.3000
2016/06/18 00:00,11.7000
2016/06/19 00:00,8.5000
2016/06/20 00:00,14.1000
2016/06/21 00:00,16.8000
2016/06/22 00:00,14.7000
2016/06/23 00:00,12.7000
2016/06/24 00:00,16.6000
2016/06/25 00:00,9.4000
2016/06/26 00:00,8.7000
2016/06/27 00:00,12.8000
2016/06/28 00:00,13.0000
2016/06/29 00:00,11.4000
2016/06/30 00:00,16.4000
2016/07/01 00:00,11.7000
2016/07/02 00:00,10.1000
2016/07/03 00:00,6.7000
2016/07/04 00:00,11.7000
2016/07/05 00:00,15.7000
2016/07/06 00:00,13.7000
2016/07/07 00:00,10.1000
2016/07/08 00:00,17.0000
2016/07/09 00:00,9.1000
2016/07/10 00:00,7.7000
2016/07/11 00:00,13.8000
2016/07/12 00:00,12.2000
2016/07/13 00:00,10.7000
2016/07/14 00:00,10.4000
2016/07/15 00:00,14.0000
2016/07/16 00:00,10.4000
2016/07/17 00:00,11.4000
2016/07/18 00:00,15.8000
2016/07/19 00:00,9.8000
2016/07/20 00:00,15.2000
2016/07/21 00:00,14.1000
2016/07/22 00:00,10.1000
2016/07/23 00:00,7.8000
2016/07/24 00:00,8.7000
2016/07/25 00:00,11.6000
2016/07/26 00:00,10.5000
2016/07/27 00:00,10.9000
2016/07/28 00:00,11.3000
2016/07/29 00:00,15.3000
2016/07/30 00:00,12.0000
2016/07/31 00:00,9.8000
2016/08/01 00:00,9.8000
2016/08/02 00:00,14.3000
2016/08/03 00:00,14.2000
2016/08/04 00:00,15.7000
2016/08/05 00:00,16.5000
2016/08/06 00:00,13.7000
2016/08/07 00:00,11.7000
2016/08/08 00:00,14.5000
2016/08/09 00:00,12.9000
2016/08/10 00:00,14.4000
2016/08/11 00:00,11.3000
2016/08/12 00:00,14.6000
2016/08/13 00:00,11.6000
2016/08/14 00:00,15.7000
2016/08/15 00:00,16.2000
2016/08/16 00:00,11.8000
2016/08/17 00:00,12.1000
2016/08/18 00:00,18.0000
2016/08/19 00:00,11.1000
2016/08/20 00:00,11.8000
2016/08/21 00:00,10.8000
2016/08/22 00:00,11.9000
2016/08/23 00:00,12.6000
2016/08/24 00:00,14.6000
2016/08/25 00:00,13.4000
2016/08/26 00:00,13.7000
2016/08/27 00:00,15.5000
2016/08/28 00:00,16.9000
2016/08/29 00:00,17.9000
2016/08/30 00:00,16.8000
2016/08/31 00:00,14.6000
2016/09/01 00:00,16.8000
2016/09/02 00:00,15.9000
2016/09/03 00:00,15.5000
2016/09/04 00:00,18.4000
2016/09/05 00:00,16.6000
2016/09/06 00:00,17.0000
2016/09/07 00:00,17.5000
2016/09/08 00:00,18.7000
2016/09/09 00:00,18.5000
2016/09/10 00:00,14.5000
2016/09/11 00:00,14.4000
2016/09/12 00:00,15.9000
2016/09/13 00:00,16.9000
2016/09/14 00:00,20.6000
2016/09/15 00:00,17.3000
2016/09/16 00:00,19.2000
2016/09/17 00:00,16.5000
2016/09/18 00:00,16.8000
2016/09/19 00:00,14.6000
2016/09/20 00:00,18.1000
2016/09/21 00:00,17.7000
2016/09/22 00:00,13.7000
2016/09/23 00:00,16.4000
2016/09/24 00:00,11.9000
2016/09/25 00:00,15.2000
2016/09/26 00:00,14.6000
2016/09/27 00:00,17.0000
2016/09/28 00:00,24.6000
2016/09/29 00:00,25.4000
2016/09/30 00:00,30.4000
2016/10/01 00:00,32.0000
2016/10/02 00:00,27.9000
2016/10/03 00:00,19.9000
2016/10/04 00:00,21.7000
2016/10/05 00:00,14.1000
2016/10/06 00:00,20.1000
2016/10/07 00:00,27.3000
2016/10/08 00:00,18.2000
2016/10/09 00:00,11.2000
2016/10/10 00:00,14.1000
2016/10/11 00:00,15.4000
2016/10/12 00:00,25.3000
2016/10/13 00:00,25.6000
2016/10/14 00:00,16.8000
2016/10/15 00:00,27.7000
2016/10/16 00:00,17.7000
2016/10/17 00:00,20.7000
2016/10/18 00:00,30.0000
2016/10/19 00:00,22.7000
2016/10/20 00:00,16.7000
2016/10/21 00:00,27.5000
2016/10/22 00:00,27.8000
2016/10/23 00:00,16.4000
2016/10/24 00:00,23.5000
2016/10/25 00:00,53.7000
2016/10/26 00:00,27.4000
2016/10/27 00:00,19.1000
2016/10/28 00:00,22.8000
2016/10/29 00:00,20.5000
2016/10/30 00:00,15.5000
2016/10/31 00:00,26.9000
2016/11/01 00:00,21.7000
2016/11/02 00:00,27.0000
2016/11/03 00:00,25.4000
2016/11/04 00:00,32.3000
2016/11/05 00:00,26.7000
2016/11/06 00:00,24.4000
2016/11/07 00:00,24.2000
2016/11/08 00:00,16.8000
2016/11/09 00:00,24.1000
2016/11/10 00:00,42.1000
2016/11/11 00:00,37.8000
2016/11/12 00:00,28.4000
2016/11/13 00:00,24.0000
2016/11/14 00:00,31.6000
2016/11/15 00:00,33.8000
2016/11/16 00:00,40.8000
2016/11/17 00:00,43.6000
2016/11/18 00:00,42.4000
2016/11/19 00:00,34.7000
2016/11/20 00:00,25.4000
2016/11/21 00:00,33.4000
2016/11/22 00:00,33.2000
2016/11/23 00:00,25.2000
2016/11/24 00:00,28.5000
2016/11/25 00:00,16.7000
2016/11/26 00:00,21.5000
2016/11/27 00:00,23.7000
2016/11/28 00:00,28.0000
2016/11/29 00:00,28.3000
2016/11/30 00:00,36.8000
2016/12/01 00:00,45.1000
2016/12/02 00:00,43.6000
2016/12/03 00:00,36.2000
2016/12/04 00:00,39.2000
2016/12/05 00:00,34.0000
2016/12/06 00:00,37.9000
2016/12/07 00:00,42.2000
2016/12/08 00:00,39.2000
2016/12/09 00:00,50.0000
2016/12/10 00:00,41.2000
2016/12/11 00:00,40.1000
2016/12/12 00:00,36.4000
2016/12/13 00:00,44.3000
2016/12/14 00:00,34.1000
2016/12/15 00:00,41.3000
2016/12/16 00:00,41.0000
2016/12/17 00:00,37.0000
2016/12/18 00:00,38.7000
2016/12/19 00:00,38.1000
2016/12/20 00:00,31.2000
2016/12/21 00:00,36.5000
2016/12/22 00:00,36.8000
2016/12/23 00:00,38.8000
2016/12/24 00:00,42.0000
2016/12/25 00:00,38.5000
2016/12/26 00:00,35.1000
2016/12/27 00:00,35.9000
2016/12/28 00:00,35.0000
2016/12/29 00:00,28.2000
2016/12/30 00:00,32.6000
2016/12/31 00:00,35.7000
2017/01/01 00:00,30.4000
2017/01/02 00:00,41.6000
2017/01/03 00:00,35.7000
2017/01/04 00:00,33.8000
2017/01/05 00:00,14.0000
2017/01/06 00:00,30.2000
2017/01/07 00:00,38.9000
2017/01/08 00:00,39.7000
2017/01/09 00:00,42.7000
2017/01/10 00:00,40.4000
2017/01/11 00:00,31.7000
2017/01/12 00:00,45.4000
2017/01/13 00:00,39.9000
2017/01/14 00:00,36.9000
2017/01/15 00:00,33.4000
2017/01/16 00:00,28.5000
2017/01/17 00:00,32.2000
2017/01/18 00:00,42.0000
2017/01/19 00:00,47.1000
2017/01/20 00:00,41.2000
2017/01/21 00:00,38.8000
2017/01/22 00:00,30.0000
2017/01/23 00:00,35.1000
2017/01/24 00:00,33.4000
2017/01/25 00:00,40.9000
2017/01/26 00:00,42.3000
2017/01/27 00:00,46.7000
2017/01/28 00:00,46.0000
2017/01/29 00:00,48.5000
2017/01/30 00:00,57.9000
2017/01/31 00:00,58.4000
2017/02/01 00:00,40.6000
2017/02/02 00:00,36.8000
2017/02/03 00:00,34.7000
2017/02/04 00:00,29.8000
2017/02/05 00:00,24.0000
2017/02/06 00:00,30.1000
2017/02/07 00:00,24.4000
2017/02/08 00:00,36.3000
2017/02/09 00:00,28.5000
2017/02/10 00:00,26.4000
2017/02/11 00:00,22.5000
2017/02/12 00:00,20.9000
2017/02/13 00:00,25.1000
2017/02/14 00:00,22.1000
2017/02/15 00:00,25.6000
2017/02/16 00:00,26.7000
2017/02/17 00:00,34.5000
2017/02/18 00:00,25.4000
2017/02/19 00:00,22.8000
2017/02/20 00:00,27.5000
2017/02/21 00:00,41.6000
2017/02/22 00:00,38.6000
2017/02/23 00:00,45.5000
2017/02/24 00:00,25.8000
2017/02/25 00:00,16.2000
2017/02/26 00:00,20.9000
2017/02/27 00:00,29.9000
2017/02/28 00:00,29.3000
2017/03/01 00:00,26.8000
2017/03/02 00:00,19.6000
2017/03/03 00:00,22.5000
2017/03/04 00:00,22.0000
2017/03/05 00:00,18.0000
2017/03/06 00:00,23.2000
2017/03/07 00:00,18.7000
2017/03/08 00:00,25.3000
2017/03/09 00:00,38.5000
2017/03/10 00:00,26.9000
2017/03/11 00:00,22.9000
2017/03/12 00:00,17.0000
2017/03/13 00:00,29.9000
2017/03/14 00:00,25.8000
2017/03/15 00:00,25.2000
2017/03/16 00:00,26.0000
2017/03/17 00:00,42.7000
2017/03/18 00:00,45.3000
2017/03/19 00:00,21.8000
2017/03/20 00:00,23.4000
2017/03/21 00:00,23.7000
2017/03/22 00:00,28.5000
2017/03/23 00:00,16.8000
2017/03/24 00:00,11.9000
2017/03/25 00:00,16.0000
2017/03/26 00:00,9.7000
2017/03/27 00:00,17.3000
2017/03/28 00:00,20.3000
2017/03/29 00:00,24.4000
2017/03/30 00:00,22.1000
2017/03/31 00:00,19.6000
2017/04/01 00:00,17.7000
2017/04/02 00:00,12.7000
2017/04/03 00:00,22.0000
2017/04/04 00:00,15.6000
2017/04/05 00:00,19.7000
2017/04/06 00:00,18.1000
2017/04/07 00:00,14.3000
2017/04/08 00:00,17.4000
2017/04/09 00:00,16.0000
2017/04/10 00:00,14.8000
2017/04/11 00:00,13.6000
2017/04/12 00:00,16.1000
2017/04/13 00:00,18.7000
2017/04/14 00:00,16.7000
2017/04/15 00:00,8.2000
2017/04/16 00:00,6.9000
2017/04/17 00:00,8.5000
2017/04/18 00:00,8.9000
2017/04/19 00:00,12.6000
2017/04/20 00:00,16.1000
2017/04/21 00:00,24.1000
2017/04/22 00:00,24.8000
2017/04/23 00:00,13.4000
2017/04/24 00:00,15.0000
2017/04/25 00:00,11.2000
2017/04/26 00:00,14.9000
2017/04/27 00:00,20.6000
2017/04/28 00:00,14.5000
2017/04/29 00:00,16.0000
2017/04/30 00:00,11.9000
2017/05/01 00:00,10.0000
2017/05/02 00:00,11.8000
2017/05/03 00:00,11.9000
2017/05/04 00:00,13.8000
2017/05/05 00:00,17.8000
2017/05/06 00:00,14.4000
2017/05/07 00:00,10.7000
2017/05/08 00:00,12.9000
2017/05/09 00:00,11.3000
2017/05/10 00:00,9.0000
2017/05/11 00:00,6.7000
2017/05/12 00:00,11.9000
2017/05/13 00:00,17.8000
2017/05/14 00:00,10.7000
2017/05/15 00:00,9.1000
2017/05/16 00:00,17.2000
2017/05/17 00:00,14.0000
2017/05/18 00:00,10.9000
2017/05/19 00:00,13.1000
2017/05/20 00:00,9.4000
2017/05/21 00:00,12.0000
2017/05/22 00:00,17.4000
2017/05/23 00:00,18.0000
2017/05/24 00:00,16.3000
2017/05/25 00:00,9.7000
2017/05/26 00:00,10.6000
2017/05/27 00:00,11.6000
2017/05/28 00:00,10.4000
2017/05/29 00:00,12.4000
2017/05/30 00:00,14.8000
2017/05/31 00:00,20.7000
2017/06/01 00:00,19.5000
2017/06/02 00:00,14.2000
2017/06/03 00:00,10.2000
2017/06/04 00:00,6.7000
2017/06/05 00:00,8.0000
2017/06/06 00:00,11.9000
2017/06/07 00:00,15.0000
2017/06/08 00:00,10.9000
2017/06/09 00:00,16.1000
2017/06/10 00:00,12.9000
2017/06/11 00:00,10.1000
2017/06/12 00:00,14.5000
2017/06/13 00:00,16.9000
2017/06/14 00:00,9.2000
2017/06/15 00:00,9.7000
2017/06/16 00:00,10.2000
2017/06/17 00:00,9.0000
2017/06/18 00:00,7.8000
2017/06/19 00:00,11.6000
2017/06/20 00:00,17.0000
2017/06/21 00:00,19.8000
2017/06/22 00:00,20.4000
2017/06/23 00:00,16.8000
2017/06/24 00:00,11.7000
2017/06/25 00:00,6.1000
2017/06/26 00:00,10.0000
2017/06/27 00:00,11.4000
2017/06/28 00:00,10.1000
2017/06/29 00:00,13.8000
2017/06/30 00:00,9.1000
2017/07/01 00:00,14.3000
2017/07/02 00:00,8.9000
2017/07/03 00:00,12.8000
2017/07/04 00:00,10.8000
2017/07/05 00:00,12.1000
2017/07/06 00:00,15.9000
2017/07/07 00:00,15.8000
2017/07/08 00:00,14.8000
2017/07/09 00:00,8.9000
2017/07/10 00:00,12.7000
2017/07/11 00:00,12.7000
2017/07/12 00:00,15.1000
2017/07/13 00:00,9.3000
2017/07/14 00:00,9.0000
2017/07/15 00:00,8.0000
2017/07/16 00:00,6.5000
2017/07/17 00:00,8.4000
2017/07/18 00:00,12.1000
2017/07/19 00:00,19.7000
2017/07/20 00:00,21.7000
2017/07/21 00:00,10.6000
2017/07/22 00:00,13.2000
2017/07/23 00:00,13.2000
2017/07/24 00:00,10.3000
2017/07/25 00:00,11.5000
2017/07/26 00:00,23.0000
2017/07/27 00:00,17.1000
2017/07/28 00:00,19.2000
2017/07/29 00:00,11.2000
2017/07/30 00:00,11.8000
2017/07/31 00:00,11.5000
2017/08/01 00:00,12.6000
2017/08/02 00:00,20.4000
2017/08/03 00:00,14.7000
2017/08/04 00:00,23.9000
2017/08/05 00:00,14.2000
2017/08/06 00:00,6.9000
2017/08/07 00:00,9.7000
2017/08/08 00:00,13.0000
2017/08/09 00:00,12.3000
2017/08/10 00:00,10.3000
2017/08/11 00:00,12.2000
2017/08/12 00:00,7.2000
2017/08/13 00:00,7.1000
2017/08/14 00:00,7.4000
2017/08/15 00:00,10.1000
2017/08/16 00:00,6.7000
2017/08/17 00:00,8.8000
2017/08/18 00:00,9.2000
2017/08/19 00:00,6.7000
2017/08/20 00:00,4.6000
2017/08/21 00:00,7.0000
2017/08/22 00:00,10.0000
2017/08/23 00:00,9.9000
2017/08/24 00:00,12.3000
2017/08/25 00:00,12.9000
2017/08/26 00:00,12.1000
2017/08/27 00:00,11.8000
2017/08/28 00:00,9.0000
2017/08/29 00:00,11.4000
2017/08/30 00:00,13.7000
2017/08/31 00:00,17.9000
2017/09/01 00:00,9.6000
2017/09/02 00:00,8.1000
2017/09/03 00:00,7.1000
2017/09/04 00:00,13.2000
2017/09/05 00:00,14.2000
2017/09/06 00:00,17.7000
2017/09/07 00:00,9.4000
2017/09/08 00:00,12.3000
2017/09/09 00:00,13.8000
2017/09/10 00:00,7.4000
2017/09/11 00:00,12.8000
2017/09/12 00:00,8.3000
2017/09/13 00:00,12.9000
2017/09/14 00:00,14.4000
2017/09/15 00:00,13.9000
2017/09/16 00:00,13.1000
2017/09/17 00:00,9.9000
2017/09/18 00:00,12.5000
2017/09/19 00:00,9.2000
2017/09/20 00:00,8.9000
2017/09/21 00:00,16.9000
2017/09/22 00:00,13.4000
2017/09/23 00:00,12.8000
2017/09/24 00:00,10.3000
2017/09/25 00:00,9.7000
2017/09/26 00:00,9.9000
2017/09/27 00:00,10.1000
2017/09/28 00:00,12.1000
2017/09/29 00:00,10.0000
2017/09/30 00:00,9.4000
2017/10/01 00:00,13.4000
2017/10/02 00:00,16.3000
2017/10/03 00:00,18.6000
2017/10/04 00:00,15.2000
2017/10/05 00:00,13.9000
2017/10/06 00:00,10.6000
2017/10/07 00:00,19.6000
2017/10/08 00:00,13.8000
2017/10/09 00:00,18.7000
2017/10/10 00:00,14.5000
2017/10/11 00:00,16.3000
2017/10/12 00:00,14.4000
2017/10/13 00:00,13.2000
2017/10/14 00:00,12.4000
2017/10/15 00:00,10.2000
2017/10/16 00:00,12.6000
2017/10/17 00:00,8.9000
2017/10/18 00:00,17.1000
2017/10/19 00:00,21.5000
2017/10/20 00:00,29.1000
2017/10/21 00:00,30.0000
2017/10/22 00:00,11.4000
2017/10/23 00:00,12.7000
2017/10/24 00:00,15.2000
2017/10/25 00:00,13.6000
2017/10/26 00:00,19.2000
2017/10/27 00:00,11.4000
2017/10/28 00:00,14.9000
2017/10/29 00:00,12.3000
2017/10/30 00:00,12.0000
2017/10/31 00:00,10.2000
2017/11/01 00:00,23.1000
2017/11/02 00:00,23.0000
2017/11/03 00:00,21.9000
2017/11/04 00:00,20.1000
2017/11/05 00:00,10.0000
2017/11/06 00:00,12.5000
2017/11/07 00:00,16.7000
2017/11/08 00:00,28.0000
2017/11/09 00:00,24.6000
2017/11/10 00:00,31.1000
2017/11/11 00:00,30.3000
2017/11/12 00:00,31.9000
2017/11/13 00:00,30.2000
2017/11/14 00:00,36.1000
2017/11/15 00:00,37.1000
2017/11/16 00:00,39.4000
2017/11/17 00:00,28.5000
2017/11/18 00:00,35.2000
2017/11/19 00:00,35.5000
2017/11/20 00:00,44.2000
2017/11/21 00:00,58.2000
2017/11/22 00:00,54.1000
2017/11/23 00:00,54.5000
2017/11/24 00:00,50.9000
2017/11/25 00:00,51.7000
2017/11/26 00:00,35.6000
2017/11/27 00:00,38.2000
2017/11/28 00:00,53.5000
2017/11/29 00:00,41.2000
2017/11/30 00:00,45.8000
2017/12/01 00:00,35.2000
2017/12/02 00:00,38.3000
2017/12/03 00:00,32.6000
2017/12/04 00:00,53.0000
2017/12/05 00:00,62.6000
2017/12/06 00:00,58.1000
2017/12/07 00:00,70.5000
2017/12/08 00:00,69.1000
2017/12/09 00:00,45.0000
2017/12/10 00:00,46.8000
2017/12/11 00:00,46.1000
2017/12/12 00:00,56.8000
2017/12/13 00:00,41.8000
2017/12/14 00:00,44.4000
2017/12/15 00:00,38.0000
2017/12/16 00:00,34.7000
2017/12/17 00:00,28.0000
2017/12/18 00:00,31.8000
2017/12/19 00:00,29.7000
2017/12/20 00:00,43.8000
2017/12/21 00:00,43.4000
2017/12/22 00:00,46.3000
2017/12/23 00:00,38.1000
2017/12/24 00:00,36.6000
2017/12/25 00:00,34.3000
2017/12/26 00:00,35.8000
2017/12/27 00:00,10.3000
2017/12/28 00:00,24.6000
2017/12/29 00:00,22.3000
2017/12/30 00:00,22.1000
2017/12/31 00:00,31.5000
2018/01/01 00:00,24.3000
2018/01/02 00:00,25.2000
2018/01/03 00:00,30.6000
2018/01/04 00:00,30.4000
2018/01/05 00:00,28.3000
2018/01/06 00:00,31.1000
2018/01/07 00:00,20.1000
2018/01/08 00:00,12.9000
2018/01/09 00:00,15.0000
2018/01/10 00:00,24.3000
2018/01/11 00:00,23.2000
2018/01/12 00:00,24.7000
2018/01/13 00:00,25.2000
2018/01/14 00:00,24.7000
2018/01/15 00:00,39.0000
2018/01/16 00:00,37.8000
2018/01/17 00:00,27.4000
2018/01/18 00:00,36.4000
2018/01/19 00:00,37.3000
2018/01/20 00:00,33.2000
2018/01/21 00:00,22.9000
2018/01/22 00:00,27.2000
2018/01/23 00:00,30.8000
2018/01/24 00:00,32.6000
2018/01/25 00:00,42.0000
2018/01/26 00:00,33.3000
2018/01/27 00:00,28.1000
2018/01/28 00:00,25.3000
2018/01/29 00:00,31.2000
2018/01/30 00:00,39.3000
2018/01/31 00:00,40.2000
2018/02/01 00:00,35.8000
2018/02/02 00:00,18.8000
2018/02/03 00:00,19.8000
2018/02/04 00:00,17.5000
2018/02/05 00:00,14.8000
2018/02/06 00:00,22.7000
2018/02/07 00:00,27.9000
2018/02/08 00:00,28.8000
2018/02/09 00:00,29.6000
2018/02/10 00:00,35.1000
2018/02/11 00:00,25.6000
2018/02/12 00:00,19.2000
2018/02/13 00:00,23.0000
2018/02/14 00:00,25.4000
2018/02/15 00:00,26.0000
2018/02/16 00:00,33.0000
2018/02/17 00:00,35.8000
2018/02/18 00:00,23.4000
2018/02/19 00:00,26.0000
2018/02/20 00:00,24.2000
2018/02/21 00:00,33.3000
2018/02/22 00:00,29.1000
2018/02/23 00:00,35.6000
2018/02/24 00:00,28.7000
2018/02/25 00:00,14.2000
2018/02/26 00:00,19.4000
2018/02/27 00:00,26.1000
2018/02/28 00:00,24.6000
2018/03/01 00:00,38.6000
2018/03/02 00:00,62.2000
2018/03/03 00:00,42.3000
2018/03/04 00:00,40.5000
2018/03/05 00:00,36.3000
2018/03/06 00:00,53.4000
2018/03/07 00:00,21.8000
2018/03/08 00:00,26.7000
2018/03/09 00:00,24.4000
2018/03/10 00:00,29.4000
2018/03/11 00:00,13.3000
2018/03/12 00:00,20.2000
2018/03/13 00:00,18.8000
2018/03/14 00:00,23.9000
2018/03/15 00:00,18.6000
2018/03/16 00:00,16.7000
2018/03/17 00:00,20.5000
2018/03/18 00:00,11.0000
2018/03/19 00:00,34.3000
2018/03/20 00:00,24.2000
2018/03/21 00:00,14.2000
2018/03/22 00:00,17.7000
2018/03/23 00:00,25.9000
2018/03/24 00:00,18.6000
2018/03/25 00:00,16.3000
2018/03/26 00:00,23.8000
2018/03/27 00:00,22.1000
2018/03/28 00:00,26.9000
2018/03/29 00:00,21.1000
2018/03/30 00:00,14.2000
2018/03/31 00:00,11.1000
2018/04/01 00:00,10.3000
2018/04/02 00:00,13.3000
2018/04/03 00:00,14.8000
2018/04/04 00:00,17.0000
2018/04/05 00:00,19.6000
2018/04/06 00:00,13.9000
2018/04/07 00:00,14.1000
2018/04/08 00:00,14.1000
2018/04/09 00:00,22.8000
2018/04/10 00:00,15.3000
2018/04/11 00:00,11.6000
2018/04/12 00:00,13.5000
2018/04/13 00:00,11.0000
2018/04/14 00:00,11.5000
2018/04/15 00:00,8.2000
2018/04/16 00:00,8.9000
2018/04/17 00:00,9.7000
2018/04/18 00:00,11.7000
2018/04/19 00:00,10.8000
2018/04/20 00:00,17.8000
2018/04/21 00:00,12.2000
2018/04/22 00:00,11.3000
2018/04/23 00:00,18.5000
2018/04/24 00:00,13.5000
2018/04/25 00:00,13.9000
2018/04/26 00:00,15.7000
2018/04/27 00:00,8.8000
2018/04/28 00:00,9.5000
2018/04/29 00:00,6.0000
2018/04/30 00:00,11.2000
2018/05/01 00:00,5.7000
2018/05/02 00:00,12.0000
2018/05/03 00:00,13.0000
2018/05/04 00:00,9.4000
2018/05/05 00:00,6.8000
2018/05/06 00:00,9.7000
2018/05/07 00:00,9.0000
2018/05/08 00:00,8.7000
2018/05/09 00:00,7.7000
2018/05/10 00:00,8.4000
2018/05/11 00:00,10.6000
2018/05/12 00:00,10.0000
2018/05/13 00:00,8.4000
2018/05/14 00:00,11.3000
2018/05/15 00:00,18.3000
2018/05/16 00:00,10.2000
2018/05/17 00:00,12.3000
2018/05/18 00:00,11.0000
2018/05/19 00:00,8.5000
2018/05/20 00:00,7.1000
2018/05/21 00:00,6.9000
2018/05/22 00:00,12.3000
2018/05/23 00:00,6.7000
2018/05/24 00:00,6.9000
2018/05/25 00:00,9.0000
2018/05/26 00:00,9.9000
2018/05/27 00:00,5.4000
2018/05/28 00:00,7.3000
2018/05/29 00:00,6.1000
2018/05/30 00:00,8.2000
2018/05/31 00:00,11.7000
2018/06/01 00:00,12.2000
2018/06/02 00:00,10.8000
2018/06/03 00:00,9.4000
2018/06/04 00:00,11.4000
2018/06/05 00:00,15.0000
2018/06/06 00:00,10.0000
2018/06/07 00:00,14.1000
2018/06/08 00:00,8.6000
2018/06/09 00:00,9.9000
2018/06/10 00:00,10.1000
2018/06/11 00:00,10.3000
2018/06/12 00:00,8.9000
2018/06/13 00:00,11.0000
2018/06/14 00:00,15.2000
2018/06/15 00:00,13.2000
2018/06/16 00:00,10.1000
2018/06/17 00:00,6.1000
2018/06/18 00:00,7.2000
2018/06/19 00:00,7.8000
2018/06/20 00:00,8.6000
2018/06/21 00:00,10.0000
2018/06/22 00:00,7.4000
2018/06/23 00:00,7.6000
2018/06/24 00:00,7.3000
2018/06/25 00:00,8.3000
2018/06/26 00:00,11.9000
2018/06/27 00:00,8.7000
2018/06/28 00:00,9.2000
2018/06/29 00:00,13.6000
2018/06/30 00:00,12.4000
2018/07/01 00:00,7.8000
2018/07/02 00:00,10.6000
2018/07/03 00:00,10.3000
2018/07/04 00:00,8.7000
2018/07/05 00:00,7.3000
2018/07/06 00:00,7.8000
2018/07/07 00:00,8.8000
2018/07/08 00:00,7.9000
2018/07/09 00:00,6.5000
2018/07/10 00:00,7.1000
2018/07/11 00:00,8.4000
2018/07/12 00:00,9.0000
2018/07/13 00:00,10.1000
2018/07/14 00:00,7.5000
2018/07/15 00:00,8.9000
2018/07/16 00:00,12.5000
2018/07/17 00:00,6.6000
2018/07/18 00:00,12.6000
2018/07/19 00:00,11.9000
2018/07/20 00:00,10.2000
2018/07/21 00:00,5.5000
2018/07/22 00:00,3.9000
2018/07/23 00:00,6.5000
2018/07/24 00:00,10.0000
2018/07/25 00:00,5.9000
2018/07/26 00:00,7.1000
2018/07/27 00:00,9.2000
2018/07/28 00:00,6.5000
2018/07/29 00:00,3.8000
2018/07/30 00:00,6.0000
2018/07/31 00:00,7.5000
2018/08/01 00:00,13.7000
2018/08/02 00:00,9.7000
2018/08/03 00:00,9.9000
2018/08/04 00:00,7.2000
2018/08/05 00:00,4.4000
2018/08/06 00:00,8.9000
2018/08/07 00:00,10.6000
2018/08/08 00:00,8.8000
2018/08/09 00:00,6.4000
2018/08/10 00:00,10.3000
2018/08/11 00:00,7.0000
2018/08/12 00:00,4.7000
2018/08/13 00:00,6.3000
2018/08/14 00:00,7.9000
2018/08/15 00:00,4.4000
2018/08/16 00:00,7.1000
2018/08/17 00:00,9.0000
2018/08/18 00:00,6.2000
2018/08/19 00:00,5.7000
2018/08/20 00:00,6.3000
2018/08/21 00:00,7.5000
2018/08/22 00:00,8.9000
2018/08/23 00:00,8.0000
2018/08/24 00:00,10.0000
2018/08/25 00:00,6.4000
2018/08/26 00:00,6.3000
2018/08/27 00:00,9.6000
2018/08/28 00:00,11.9000
2018/08/29 00:00,15.5000
2018/08/30 00:00,13.7000
2018/08/31 00:00,10.9000
2018/09/01 00:00,5.7000
2018/09/02 00:00,6.5000
2018/09/03 00:00,8.1000
2018/09/04 00:00,9.7000
2018/09/05 00:00,11.9000
2018/09/06 00:00,10.4000
2018/09/07 00:00,5.3000
2018/09/08 00:00,6.5000
2018/09/09 00:00,9.2000
2018/09/10 00:00,9.6000
2018/09/11 00:00,12.6000
2018/09/12 00:00,12.1000
2018/09/13 00:00,8.0000
2018/09/14 00:00,8.2000
2018/09/15 00:00,9.3000
2018/09/16 00:00,5.5000
2018/09/17 00:00,11.8000
2018/09/18 00:00,8.7000
2018/09/19 00:00,7.6000
2018/09/20 00:00,7.7000
2018/09/21 00:00,16.3000
2018/09/22 00:00,13.7000
2018/09/23 00:00,15.2000
2018/09/24 00:00,6.8000
2018/09/25 00:00,8.8000
2018/09/26 00:00,13.2000
2018/09/27 00:00,20.7000
2018/09/28 00:00,20.5000
2018/09/29 00:00,13.1000
2018/09/30 00:00,13.7000
2018/10/01 00:00,16.2000
2018/10/02 00:00,16.0000
2018/10/03 00:00,16.0000
2018/10/04 00:00,14.0000
2018/10/05 00:00,15.2000
2018/10/06 00:00,15.7000
2018/10/07 00:00,11.6000
2018/10/08 00:00,9.0000
2018/10/09 00:00,10.4000
2018/10/10 00:00,11.1000
2018/10/11 00:00,17.6000
2018/10/12 00:00,16.1000
2018/10/13 00:00,9.9000
2018/10/14 00:00,11.2000
2018/10/15 00:00,15.4000
2018/10/16 00:00,16.0000
2018/10/17 00:00,15.0000
2018/10/18 00:00,16.3000
2018/10/19 00:00,15.6000
2018/10/20 00:00,15.0000
2018/10/21 00:00,10.5000
2018/10/22 00:00,13.7000
2018/10/23 00:00,28.4000
2018/10/24 00:00,29.1000
2018/10/25 00:00,22.0000
2018/10/26 00:00,29.1000
2018/10/27 00:00,11.3000
2018/10/28 00:00,9.8000
2018/10/29 00:00,7.3000
2018/10/30 00:00,15.8000
2018/10/31 00:00,15.6000
2018/11/01 00:00,9.8000
2018/11/02 00:00,13.8000
2018/11/03 00:00,11.8000
2018/11/04 00:00,10.1000
2018/11/05 00:00,6.5000
2018/11/06 00:00,5.0000
2018/11/07 00:00,8.2000
2018/11/08 00:00,17.1000
2018/11/09 00:00,14.3000
2018/11/10 00:00,10.0000
2018/11/11 00:00,12.1000
2018/11/12 00:00,21.5000
2018/11/13 00:00,17.9000
2018/11/14 00:00,12.8000
2018/11/15 00:00,18.0000
2018/11/16 00:00,11.5000
2018/11/17 00:00,8.6000
2018/11/18 00:00,8.6000
2018/11/19 00:00,16.8000
2018/11/20 00:00,18.6000
2018/11/21 00:00,25.2000
2018/11/22 00:00,28.1000
2018/11/23 00:00,23.2000
2018/11/24 00:00,18.8000
2018/11/25 00:00,19.1000
2018/11/26 00:00,32.6000
2018/11/27 00:00,26.4000
2018/11/28 00:00,23.0000
2018/11/29 00:00,32.6000
2018/11/30 00:00,37.6000
2018/12/01 00:00,33.0000
2018/12/02 00:00,33.0000
2018/12/03 00:00,38.4000
2018/12/04 00:00,40.0000
2018/12/05 00:00,37.1000
2018/12/06 00:00,41.0000
2018/12/07 00:00,43.0000
2018/12/08 00:00,43.4000
2018/12/09 00:00,34.7000
2018/12/10 00:00,40.7000
2018/12/11 00:00,31.9000
2018/12/12 00:00,35.2000
2018/12/13 00:00,37.4000
2018/12/14 00:00,36.1000
2018/12/15 00:00,41.3000
2018/12/16 00:00,47.3000
2018/12/17 00:00,45.8000
2018/12/18 00:00,44.9000
2018/12/19 00:00,39.0000
2018/12/20 00:00,38.2000
2018/12/21 00:00,37.3000
2018/12/22 00:00,35.2000
2018/12/23 00:00,31.0000
2018/12/24 00:00,28.8000
2018/12/25 00:00,31.9000
2018/12/26 00:00,31.6000
2018/12/27 00:00,32.6000
2018/12/28 00:00,37.1000
2018/12/29 00:00,37.1000
2018/12/30 00:00,34.2000
2018/12/31 00:00,32.9000
2019/01/01 00:00,32.0000
2019/01/02 00:00,16.3000
2019/01/03 00:00,21.2000
2019/01/04 00:00,37.8000
2019/01/05 00:00,50.5000
2019/01/06 00:00,34.7000
2019/01/07 00:00,39.5000
2019/01/08 00:00,43.6000
2019/01/09 00:00,31.2000
2019/01/10 00:00,23.5000
2019/01/11 00:00,34.6000
2019/01/12 00:00,53.0000
2019/01/13 00:00,47.1000
2019/01/14 00:00,36.1000
2019/01/15 00:00,33.3000
2019/01/16 00:00,47.5000
2019/01/17 00:00,45.0000
2019/01/18 00:00,34.3000
2019/01/19 00:00,31.9000
2019/01/20 00:00,31.9000
2019/01/21 00:00,36.7000
2019/01/22 00:00,39.6000
2019/01/23 00:00,40.1000
2019/01/24 00:00,35.9000
2019/01/25 00:00,33.5000
2019/01/26 00:00,44.7000
2019/01/27 00:00,43.1000
2019/01/28 00:00,43.0000
2019/01/29 00:00,34.9000
2019/01/30 00:00,32.2000
2019/01/31 00:00,35.2000
2019/02/01 00:00,32.5000
2019/02/02 00:00,43.5000
2019/02/03 00:00,34.9000
2019/02/04 00:00,22.1000
2019/02/05 00:00,34.5000
2019/02/06 00:00,36.6000
2019/02/07 00:00,48.8000
2019/02/08 00:00,48.1000
2019/02/09 00:00,40.7000
2019/02/10 00:00,35.9000
2019/02/11 00:00,23.9000
2019/02/12 00:00,30.0000
2019/02/13 00:00,29.3000
2019/02/14 00:00,48.4000
2019/02/15 00:00,49.9000
2019/02/16 00:00,44.4000
2019/02/17 00:00,36.1000
2019/02/18 00:00,40.1000
2019/02/19 00:00,39.9000
2019/02/20 00:00,44.4000
2019/02/21 00:00,49.1000
2019/02/22 00:00,43.3000
2019/02/23 00:00,18.1000
2019/02/24 00:00,28.9000
2019/02/25 00:00,42.6000
2019/02/26 00:00,53.0000
2019/02/27 00:00,40.4000
2019/02/28 00:00,49.4000
2019/03/01 00:00,45.8000
2019/03/02 00:00,30.9000
2019/03/03 00:00,32.2000
2019/03/04 00:00,43.7000
2019/03/05 00:00,32.7000
2019/03/06 00:00,31.3000
2019/03/07 00:00,30.3000
2019/03/08 00:00,32.6000
2019/03/09 00:00,29.7000
2019/03/10 00:00,27.3000
2019/03/11 00:00,14.5000
2019/03/12 00:00,26.8000
2019/03/13 00:00,33.1000
2019/03/14 00:00,37.7000
2019/03/15 00:00,31.8000
2019/03/16 00:00,33.5000
2019/03/17 00:00,24.1000
2019/03/18 00:00,12.7000
2019/03/19 00:00,20.7000
2019/03/20 00:00,22.0000
2019/03/21 00:00,29.2000
2019/03/22 00:00,36.0000
2019/03/23 00:00,33.4000
2019/03/24 00:00,26.3000
2019/03/25 00:00,24.9000
2019/03/26 00:00,16.7000
2019/03/27 00:00,20.7000
2019/03/28 00:00,23.0000
2019/03/29 00:00,31.0000
2019/03/30 00:00,28.7000
2019/03/31 00:00,22.6000
2019/04/01 00:00,23.7000
2019/04/02 00:00,21.5000
2019/04/03 00:00,16.9000
2019/04/04 00:00,11.6000
2019/04/05 00:00,27.0000
2019/04/06 00:00,18.3000
2019/04/07 00:00,17.2000
2019/04/08 00:00,25.1000
2019/04/09 00:00,19.8000
2019/04/10 00:00,12.6000
2019/04/11 00:00,14.1000
2019/04/12 00:00,16.3000
2019/04/13 00:00,15.4000
2019/04/14 00:00,14.3000
2019/04/15 00:00,17.8000
2019/04/16 00:00,16.9000
2019/04/17 00:00,22.3000
2019/04/18 00:00,18.2000
2019/04/19 00:00,19.1000
2019/04/20 00:00,17.0000
2019/04/21 00:00,12.7000
2019/04/22 00:00,11.0000
2019/04/23 00:00,10.1000
2019/04/24 00:00,14.6000
2019/04/25 00:00,11.6000
2019/04/26 00:00,12.3000
2019/04/27 00:00,18.0000
2019/04/28 00:00,9.1000
2019/04/29 00:00,18.8000
2019/04/30 00:00,19.0000
2019/05/01 00:00,14.4000
2019/05/02 00:00,21.2000
2019/05/03 00:00,12.2000
2019/05/04 00:00,9.3000
2019/05/05 00:00,4.5000
2019/05/06 00:00,16.0000
2019/05/07 00:00,15.9000
2019/05/08 00:00,14.8000
2019/05/09 00:00,17.8000
2019/05/10 00:00,16.5000
2019/05/11 00:00,10.7000
2019/05/12 00:00,8.8000
2019/05/13 00:00,14.9000
2019/05/14 00:00,11.0000
2019/05/15 00:00,17.9000
2019/05/16 00:00,15.7000
2019/05/17 00:00,11.4000
2019/05/18 00:00,9.4000
2019/05/19 00:00,8.8000
2019/05/20 00:00,19.1000
2019/05/21 00:00,19.7000
2019/05/22 00:00,15.5000
2019/05/23 00:00,22.0000
2019/05/24 00:00,13.7000
2019/05/25 00:00,9.0000
2019/05/26 00:00,6.5000
2019/05/27 00:00,12.4000
2019/05/28 00:00,11.4000
2019/05/29 00:00,18.5000
2019/05/30 00:00,12.8000
2019/05/31 00:00,13.3000
2019/06/01 00:00,15.4000
2019/06/02 00:00,14.3000
2019/06/03 00:00,17.4000
2019/06/04 00:00,15.5000
2019/06/05 00:00,12.6000
2019/06/06 00:00,12.6000
2019/06/07 00:00,10.9000
2019/06/08 00:00,16.8000
2019/06/09 00:00,9.9000
2019/06/10 00:00,11.0000
2019/06/11 00:00,13.3000
2019/06/12 00:00,13.6000
2019/06/13 00:00,15.8000
2019/06/14 00:00,13.8000
2019/06/15 00:00,16.4000
2019/06/16 00:00,13.0000
2019/06/17 00:00,10.0000
2019/06/18 00:00,17.1000
2019/06/19 00:00,16.7000
2019/06/20 00:00,14.2000
2019/06/21 00:00,13.8000
2019/06/22 00:00,9.2000
2019/06/23 00:00,11.4000
2019/06/24 00:00,13.4000
2019/06/25 00:00,11.6000
2019/06/26 00:00,12.5000
2019/06/27 00:00,17.1000
2019/06/28 00:00,10.8000
2019/06/29 00:00,10.2000
2019/06/30 00:00,13.9000
2019/07/01 00:00,15.7000
2019/07/02 00:00,13.6000
2019/07/03 00:00,10.0000
2019/07/04 00:00,10.3000
2019/07/05 00:00,17.6000
2019/07/06 00:00,16.0000
2019/07/07 00:00,11.7000
2019/07/08 00:00,13.1000
2019/07/09 00:00,11.2000
2019/07/10 00:00,10.7000
2019/07/11 00:00,15.7000
2019/07/12 00:00,14.6000
2019/07/13 00:00,9.9000
2019/07/14 00:00,8.5000
2019/07/15 00:00,9.5000
2019/07/16 00:00,17.4000
2019/07/17 00:00,17.1000
2019/07/18 00:00,12.8000
2019/07/19 00:00,16.0000
2019/07/20 00:00,14.1000
2019/07/21 00:00,13.5000
2019/07/22 00:00,15.7000
2019/07/23 00:00,13.3000
2019/07/24 00:00,14.9000
2019/07/25 00:00,14.0000
2019/07/26 00:00,10.0000
2019/07/27 00:00,7.8000
2019/07/28 00:00,10.7000
2019/07/29 00:00,13.2000
2019/07/30 00:00,13.4000
2019/07/31 00:00,9.5000
2019/08/01 00:00,12.5000
2019/08/02 00:00,13.3000
2019/08/03 00:00,11.1000
2019/08/04 00:00,7.7000
2019/08/05 00:00,8.6000
2019/08/06 00:00,8.7000
2019/08/07 00:00,8.9000
2019/08/08 00:00,10.8000
2019/08/09 00:00,10.4000
2019/08/10 00:00,9.7000
2019/08/11 00:00,6.2000
2019/08/12 00:00,6.7000
2019/08/13 00:00,6.1000
2019/08/14 00:00,8.0000
2019/08/15 00:00,6.8000
2019/08/16 00:00,8.8000
2019/08/17 00:00,8.3000
2019/08/18 00:00,8.9000
2019/08/19 00:00,9.9000
2019/08/20 00:00,7.3000
2019/08/21 00:00,6.9000
2019/08/22 00:00,14.2000
2019/08/23 00:00,9.0000
2019/08/24 00:00,5.6000
2019/08/25 00:00,7.7000
2019/08/26 00:00,11.8000
2019/08/27 00:00,14.0000
2019/08/28 00:00,20.5000
2019/08/29 00:00,16.3000
2019/08/30 00:00,14.0000
2019/08/31 00:00,11.9000
2019/09/01 00:00,9.7000
2019/09/02 00:00,10.0000
2019/09/03 00:00,11.9000
2019/09/04 00:00,18.0000
2019/09/05 00:00,13.4000
2019/09/06 00:00,12.5000
2019/09/07 00:00,13.7000
2019/09/08 00:00,10.0000
2019/09/09 00:00,18.8000
2019/09/10 00:00,14.1000
2019/09/11 00:00,21.9000
2019/09/12 00:00,18.6000
2019/09/13 00:00,16.4000
2019/09/14 00:00,12.9000
2019/09/15 00:00,18.3000
2019/09/16 00:00,16.3000
2019/09/17 00:00,19.3000
2019/09/18 00:00,15.9000
2019/09/19 00:00,15.7000
2019/09/20 00:00,13.5000
2019/09/21 00:00,14.7000
2019/09/22 00:00,20.1000
2019/09/23 00:00,18.2000
2019/09/24 00:00,15.8000
2019/09/25 00:00,18.7000
2019/09/26 00:00,15.5000
2019/09/27 00:00,19.2000
2019/09/28 00:00,18.5000
2019/09/29 00:00,18.3000
2019/09/30 00:00,24.3000
2019/10/01 00:00,19.8000
2019/10/02 00:00,9.0000
2019/10/03 00:00,13.7000
2019/10/04 00:00,18.8000
2019/10/05 00:00,16.8000
2019/10/06 00:00,9.1000
2019/10/07 00:00,19.9000
2019/10/08 00:00,15.0000
2019/10/09 00:00,10.6000
2019/10/10 00:00,20.4000
2019/10/11 00:00,21.5000
2019/10/12 00:00,18.4000
2019/10/13 00:00,18.7000
2019/10/14 00:00,25.5000
2019/10/15 00:00,18.1000
2019/10/16 00:00,23.2000
2019/10/17 00:00,25.2000
2019/10/18 00:00,22.7000
2019/10/19 00:00,17.9000
2019/10/20 00:00,14.7000
2019/10/21 00:00,14.4000
2019/10/22 00:00,15.9000
2019/10/23 00:00,15.8000
2019/10/24 00:00,15.9000
2019/10/25 00:00,13.7000
2019/10/26 00:00,18.3000
2019/10/27 00:00,21.3000
2019/10/28 00:00,25.7000
2019/10/29 00:00,30.5000
2019/10/30 00:00,22.1000
2019/10/31 00:00,26.7000
2019/11/01 00:00,28.9000
2019/11/02 00:00,21.3000
2019/11/03 00:00,16.0000
2019/11/04 00:00,25.8000
2019/11/05 00:00,27.8000
2019/11/06 00:00,16.4000
2019/11/07 00:00,17.3000
2019/11/08 00:00,12.9000
2019/11/09 00:00,24.5000
2019/11/10 00:00,22.3000
2019/11/11 00:00,27.2000
2019/11/12 00:00,32.1000
2019/11/13 00:00,15.5000
2019/11/14 00:00,11.4000
2019/11/15 00:00,13.7000
2019/11/16 00:00,16.0000
2019/11/17 00:00,13.7000
2019/11/18 00:00,16.4000
2019/11/19 00:00,9.5000
2019/11/20 00:00,30.4000
2019/11/21 00:00,24.6000
2019/11/22 00:00,14.8000
2019/11/23 00:00,6.8000
2019/11/24 00:00,8.8000
2019/11/25 00:00,23.1000
2019/11/26 00:00,27.9000
2019/11/27 00:00,25.6000
2019/11/28 00:00,33.4000
2019/11/29 00:00,28.7000
2019/11/30 00:00,25.9000
2019/12/01 00:00,20.8000
2019/12/02 00:00,27.5000
2019/12/03 00:00,23.1000
2019/12/04 00:00,31.5000
2019/12/05 00:00,31.2000
2019/12/06 00:00,38.0000
2019/12/07 00:00,43.4000
2019/12/08 00:00,34.2000
2019/12/09 00:00,43.3000
2019/12/10 00:00,22.7000
2019/12/11 00:00,33.8000
2019/12/12 00:00,40.6000
2019/12/13 00:00,35.8000
2019/12/14 00:00,38.3000
2019/12/15 00:00,30.6000
2019/12/16 00:00,29.5000
2019/12/17 00:00,29.6000
2019/12/18 00:00,27.1000
2019/12/19 00:00,24.9000
2019/12/20 00:00,20.1000
2019/12/21 00:00,18.9000
2019/12/22 00:00,19.5000
2019/12/23 00:00,24.4000
2019/12/24 00:00,27.5000
2019/12/25 00:00,21.4000
2019/12/26 00:00,19.0000
2019/12/27 00:00,25.0000
2019/12/28 00:00,24.5000
2019/12/29 00:00,24.2000
2019/12/30 00:00,28.6000
2019/12/31 00:00,33.2000
2020/01/01 00:00,36.8000
2020/01/02 00:00,28.4000
2020/01/03 00:00,43.6000
2020/01/04 00:00,40.6000
2020/01/05 00:00,30.6000
2020/01/06 00:00,28.7000
2020/01/07 00:00,31.5000
2020/01/08 00:00,43.0000
2020/01/09 00:00,48.0000
2020/01/10 00:00,45.9000
2020/01/11 00:00,42.1000
2020/01/12 00:00,31.1000
2020/01/13 00:00,38.8000
2020/01/14 00:00,39.9000
2020/01/15 00:00,47.4000
2020/01/16 00:00,45.8000
2020/01/17 00:00,48.3000
2020/01/18 00:00,36.6000
2020/01/19 00:00,19.6000
2020/01/20 00:00,23.5000
2020/01/21 00:00,36.5000
2020/01/22 00:00,51.6000
2020/01/23 00:00,44.6000
2020/01/24 00:00,46.0000
2020/01/25 00:00,41.3000
2020/01/26 00:00,37.8000
2020/01/27 00:00,43.3000
2020/01/28 00:00,39.2000
2020/01/29 00:00,42.9000
2020/01/30 00:00,33.6000
2020/01/31 00:00,45.3000
2020/02/01 00:00,46.5000
2020/02/02 00:00,39.5000
2020/02/03 00:00,37.3000
2020/02/04 00:00,23.7000
2020/02/05 00:00,16.5000
2020/02/06 00:00,29.4000
2020/02/07 00:00,38.6000
2020/02/08 00:00,35.0000
2020/02/09 00:00,29.5000
2020/02/10 00:00,35.0000
2020/02/11 00:00,26.9000
2020/02/12 00:00,31.5000
2020/02/13 00:00,31.7000
2020/02/14 00:00,27.9000
2020/02/15 00:00,25.9000
2020/02/16 00:00,23.0000
2020/02/17 00:00,34.1000
2020/02/18 00:00,28.7000
2020/02/19 00:00,22.8000
2020/02/20 00:00,24.8000
2020/02/21 00:00,30.4000
2020/02/22 00:00,28.1000
2020/02/23 00:00,23.5000
2020/02/24 00:00,22.7000
2020/02/25 00:00,29.9000
2020/02/26 00:00,20.4000
2020/02/27 00:00,28.3000
2020/02/28 00:00,20.0000
2020/02/29 00:00,19.5000
2020/03/01 00:00,14.3000
2020/03/02 00:00,12.6000
2020/03/03 00:00,18.6000
2020/03/04 00:00,21.5000
2020/03/05 00:00,16.5000
2020/03/06 00:00,25.3000
2020/03/07 00:00,19.1000
2020/03/08 00:00,14.8000
2020/03/09 00:00,27.0000
2020/03/10 00:00,27.6000
2020/03/11 00:00,22.9000
2020/03/12 00:00,21.4000
2020/03/13 00:00,21.3000
2020/03/14 00:00,12.1000
2020/03/15 00:00,14.5000
2020/03/16 00:00,17.0000
2020/03/17 00:00,17.8000
2020/03/18 00:00,17.9000
2020/03/19 00:00,18.1000
2020/03/20 00:00,15.8000
2020/03/21 00:00,15.7000
2020/03/22 00:00,15.0000
2020/03/23 00:00,11.0000
2020/03/24 00:00,14.6000
2020/03/25 00:00,12.2000
2020/03/26 00:00,17.9000
2020/03/27 00:00,17.5000
2020/03/28 00:00,16.4000
2020/03/29 00:00,17.3000
2020/03/30 00:00,10.8000
2020/03/31 00:00,13.4000
2020/04/01 00:00,14.4000
2020/04/02 00:00,15.5000
2020/04/03 00:00,15.2000
2020/04/04 00:00,14.3000
2020/04/05 00:00,13.1000
2020/04/06 00:00,12.0000
2020/04/07 00:00,14.2000
2020/04/08 00:00,13.5000
2020/04/09 00:00,14.7000
2020/04/10 00:00,13.7000
2020/04/11 00:00,13.4000
2020/04/12 00:00,14.5000
2020/04/13 00:00,15.0000
2020/04/14 00:00,14.1000
2020/04/15 00:00,11.3000
2020/04/16 00:00,15.2000
2020/04/17 00:00,16.8000
2020/04/18 00:00,13.6000
2020/04/19 00:00,14.6000
2020/04/20 00:00,13.2000
2020/04/21 00:00,13.6000
2020/04/22 00:00,10.6000
2020/04/23 00:00,11.0000
2020/04/24 00:00,15.0000
2020/04/25 00:00,15.0000
2020/04/26 00:00,15.0000
2020/04/27 00:00,15.6000
2020/04/28 00:00,16.3000
2020/04/29 00:00,12.7000
2020/04/30 00:00,13.1000
2020/05/01 00:00,10.8000
2020/05/02 00:00,15.1000
2020/05/03 00:00,12.0000
2020/05/04 00:00,10.2000
2020/05/05 00:00,15.3000
2020/05/06 00:00,11.3000
2020/05/07 00:00,5.1000
2020/05/08 00:00,11.5000
2020/05/09 00:00,12.6000
2020/05/10 00:00,12.7000
2020/05/11 00:00,9.6000
2020/05/12 00:00,12.8000
2020/05/13 00:00,13.3000
2020/05/14 00:00,11.9000
2020/05/15 00:00,11.1000
2020/05/16 00:00,11.8000
2020/05/17 00:00,11.9000
2020/05/18 00:00,10.2000
2020/05/19 00:00,12.2000
2020/05/20 00:00,18.4000
2020/05/21 00:00,14.3000
2020/05/22 00:00,13.1000
2020/05/23 00:00,12.3000
2020/05/24 00:00,8.6000
2020/05/25 00:00,10.1000
2020/05/26 00:00,10.0000
2020/05/27 00:00,12.5000
2020/05/28 00:00,11.3000
2020/05/29 00:00,11.0000
2020/05/30 00:00,10.7000
2020/05/31 00:00,8.8000
2020/06/01 00:00,7.7000
2020/06/02 00:00,7.4000
2020/06/03 00:00,9.2000
2020/06/04 00:00,10.7000
2020/06/05 00:00,10.1000
2020/06/06 00:00,7.4000
2020/06/07 00:00,6.8000
2020/06/08 00:00,8.2000
2020/06/09 00:00,9.1000
2020/06/10 00:00,9.4000
2020/06/11 00:00,9.1000
2020/06/12 00:00,9.4000
2020/06/13 00:00,9.8000
2020/06/14 00:00,7.4000
2020/06/15 00:00,9.4000
2020/06/16 00:00,9.2000
2020/06/17 00:00,10.3000
2020/06/18 00:00,9.3000
2020/06/19 00:00,12.0000
2020/06/20 00:00,8.4000
2020/06/21 00:00,6.6000
2020/06/22 00:00,9.4000
2020/06/23 00:00,10.5000
2020/06/24 00:00,8.2000
2020/06/25 00:00,9.3000
2020/06/26 00:00,11.4000
2020/06/27 00:00,8.7000
2020/06/28 00:00,10.3000
2020/06/29 00:00,10.5000
2020/06/30 00:00,11.0000
2020/07/01 00:00,10.3000
2020/07/02 00:00,10.8000
2020/07/03 00:00,13.9000
2020/07/04 00:00,12.0000
2020/07/05 00:00,6.6000
2020/07/06 00:00,6.4000
2020/07/07 00:00,4.2000
2020/07/08 00:00,7.5000
2020/07/09 00:00,7.9000
2020/07/10 00:00,7.4000
2020/07/11 00:00,6.4000
2020/07/12 00:00,2.9000
2020/07/13 00:00,3.9000
2020/07/14 00:00,4.6000
2020/07/15 00:00,8.4000
2020/07/16 00:00,9.4000
2020/07/17 00:00,5.7000
2020/07/18 00:00,3.5000
2020/07/19 00:00,4.8000
2020/07/20 00:00,9.1000
2020/07/21 00:00,10.0000
2020/07/22 00:00,7.4000
2020/07/23 00:00,8.0000
2020/07/24 00:00,7.9000
2020/07/25 00:00,5.9000
2020/07/26 00:00,4.7000
2020/07/27 00:00,8.0000
2020/07/28 00:00,-999
2020/07/29 00:00,8.7000
2020/07/30 00:00,11.0000
2020/07/31 00:00,10.1000
2020/08/01 00:00,9.0000
2020/08/02 00:00,4.0000
2020/08/03 00:00,5.5000
2020/08/04 00:00,5.2000
2020/08/05 00:00,7.8000
2020/08/06 00:00,7.1000
2020/08/07 00:00,6.3000
2020/08/08 00:00,5.0000
2020/08/09 00:00,5.8000
2020/08/10 00:00,8.4000
2020/08/11 00:00,6.7000
2020/08/12 00:00,6.6000
2020/08/13 00:00,6.1000
2020/08/14 00:00,4.9000
2020/08/15 00:00,3.8000
2020/08/16 00:00,3.1000
2020/08/17 00:00,2.6000
2020/08/18 00:00,6.2000
2020/08/19 00:00,5.8000
2020/08/20 00:00,6.0000
2020/08/21 00:00,6.0000
2020/08/22 00:00,6.3000
2020/08/23 00:00,2.2000
2020/08/24 00:00,3.7000
2020/08/25 00:00,9.2000
2020/08/26 00:00,10.9000
2020/08/27 00:00,6.0000
2020/08/28 00:00,5.5000
2020/08/29 00:00,3.2000
2020/08/30 00:00,2.6000
2020/08/31 00:00,9.0000
2020/09/01 00:00,10.7000
2020/09/02 00:00,9.4000
2020/09/03 00:00,10.7000
2020/09/04 00:00,13.0000
2020/09/05 00:00,11.9000
2020/09/06 00:00,8.5000
2020/09/07 00:00,7.6000
2020/09/08 00:00,10.7000
2020/09/09 00:00,12.8000
2020/09/10 00:00,11.6000
2020/09/11 00:00,9.0000
2020/09/12 00:00,12.4000
2020/09/13 00:00,9.8000
2020/09/14 00:00,10.3000
2020/09/15 00:00,13.4000
2020/09/16 00:00,16.4000
2020/09/17 00:00,15.0000
2020/09/18 00:00,13.8000
2020/09/19 00:00,10.3000
2020/09/20 00:00,9.6000
2020/09/21 00:00,12.7000
2020/09/22 00:00,13.0000
2020/09/23 00:00,11.8000
2020/09/24 00:00,14.4000
2020/09/25 00:00,7.6000
2020/09/26 00:00,6.8000
2020/09/27 00:00,7.4000
2020/09/28 00:00,14.9000
2020/09/29 00:00,17.4000
2020/09/30 00:00,21.7000
2020/10/01 00:00,18.9000
2020/10/02 00:00,7.7000
2020/10/03 00:00,7.7000
2020/10/04 00:00,7.4000
2020/10/05 00:00,10.7000
2020/10/06 00:00,16.4000
2020/10/07 00:00,16.6000
2020/10/08 00:00,14.6000
2020/10/09 00:00,17.2000
2020/10/10 00:00,16.0000
2020/10/11 00:00,8.0000
2020/10/12 00:00,13.9000
2020/10/13 00:00,15.0000
2020/10/14 00:00,17.6000
2020/10/15 00:00,19.0000
2020/10/16 00:00,14.6000
2020/10/17 00:00,12.8000
2020/10/18 00:00,14.0000
2020/10/19 00:00,16.0000
2020/10/20 00:00,23.9000
2020/10/21 00:00,22.8000
2020/10/22 00:00,24.5000
2020/10/23 00:00,23.9000
2020/10/24 00:00,19.9000
2020/10/25 00:00,15.6000
2020/10/26 00:00,9.4000
2020/10/27 00:00,11.3000
2020/10/28 00:00,19.5000
2020/10/29 00:00,15.8000
2020/10/30 00:00,16.3000
2020/10/31 00:00,21.2000
2020/11/01 00:00,15.8000
2020/11/02 00:00,16.1000
2020/11/03 00:00,21.3000
2020/11/04 00:00,19.5000
2020/11/05 00:00,16.3000
2020/11/06 00:00,17.2000
2020/11/07 00:00,15.1000
2020/11/08 00:00,11.5000
2020/11/09 00:00,20.7000
2020/11/10 00:00,18.2000
2020/11/11 00:00,15.2000
2020/11/12 00:00,20.9000
2020/11/13 00:00,21.9000
2020/11/14 00:00,14.2000
2020/11/15 00:00,14.2000
2020/11/16 00:00,23.5000
2020/11/17 00:00,18.8000
2020/11/18 00:00,21.6000
2020/11/19 00:00,28.6000
2020/11/20 00:00,16.8000
2020/11/21 00:00,14.3000
2020/11/22 00:00,21.4000
2020/11/23 00:00,33.6000
2020/11/24 00:00,26.1000
2020/11/25 00:00,29.8000
2020/11/26 00:00,31.6000
2020/11/27 00:00,41.2000
2020/11/28 00:00,30.1000
2020/11/29 00:00,25.6000
2020/11/30 00:00,30.6000
2020/12/01 00:00,32.2000
2020/12/02 00:00,30.0000
2020/12/03 00:00,22.3000
2020/12/04 00:00,15.6000
2020/12/05 00:00,15.1000
2020/12/06 00:00,15.9000
2020/12/07 00:00,17.3000
2020/12/08 00:00,10.4000
2020/12/09 00:00,23.0000
2020/12/10 00:00,22.5000
2020/12/11 00:00,23.1000
2020/12/12 00:00,19.0000
2020/12/13 00:00,19.5000
2020/12/14 00:00,25.1000
2020/12/15 00:00,35.5000
2020/12/16 00:00,34.3000
2020/12/17 00:00,-999
2020/12/18 00:00,27.2000
2020/12/19 00:00,37.0000
2020/12/20 00:00,33.6000
2020/12/21 00:00,33.3000
2020/12/22 00:00,33.9000
2020/12/23 00:00,28.9000
2020/12/24 00:00,30.0000
2020/12/25 00:00,10.6000
2020/12/26 00:00,11.5000
2020/12/27 00:00,12.6000
2020/12/28 00:00,15.8000
2020/12/29 00:00,24.2000
2020/12/30 00:00,32.8000
2020/12/31 00:00,24.8000
2021/01/01 00:00,7.3000
2021/01/02 00:00,12.3000
2021/01/03 00:00,12.9000
2021/01/04 00:00,20.0000
2021/01/05 00:00,13.5000
2021/01/06 00:00,10.0000
2021/01/07 00:00,22.9000
2021/01/08 00:00,25.1000
2021/01/09 00:00,21.5000
2021/01/10 00:00,19.5000
2021/01/11 00:00,26.2000
2021/01/12 00:00,38.4000
2021/01/13 00:00,38.0000
2021/01/14 00:00,34.3000
2021/01/15 00:00,28.5000
2021/01/16 00:00,25.7000
2021/01/17 00:00,24.6000
2021/01/18 00:00,34.3000
2021/01/19 00:00,38.3000
2021/01/20 00:00,46.0000
2021/01/21 00:00,28.2000
2021/01/22 00:00,27.2000
2021/01/23 00:00,20.4000
2021/01/24 00:00,18.9000
2021/01/25 00:00,26.7000
2021/01/26 00:00,21.1000
2021/01/27 00:00,32.2000
2021/01/28 00:00,36.9000
2021/01/29 00:00,36.4000
2021/01/30 00:00,30.4000
2021/01/31 00:00,26.8000
2021/02/01 00:00,22.5000
2021/02/02 00:00,29.3000
2021/02/03 00:00,32.6000
2021/02/04 00:00,27.2000
2021/02/05 00:00,33.2000
2021/02/06 00:00,26.1000
2021/02/07 00:00,17.4000
2021/02/08 00:00,19.9000
2021/02/09 00:00,21.4000
2021/02/10 00:00,21.0000
2021/02/11 00:00,17.3000
2021/02/12 00:00,16.5000
2021/02/13 00:00,12.3000
2021/02/14 00:00,18.8000
2021/02/15 00:00,25.7000
2021/02/16 00:00,32.2000
2021/02/17 00:00,34.9000
2021/02/18 00:00,32.8000
2021/02/19 00:00,33.1000
2021/02/20 00:00,30.6000
2021/02/21 00:00,21.4000
2021/02/22 00:00,23.2000
2021/02/23 00:00,29.0000
2021/02/24 00:00,34.2000
2021/02/25 00:00,28.3000
2021/02/26 00:00,29.1000
2021/02/27 00:00,19.2000
2021/02/28 00:00,7.7000
2021/03/01 00:00,21.6000
2021/03/02 00:00,21.8000
2021/03/03 00:00,31.5000
2021/03/04 00:00,33.2000
2021/03/05 00:00,26.7000
2021/03/06 00:00,12.4000
2021/03/07 00:00,14.6000
2021/03/08 00:00,19.2000
2021/03/09 00:00,21.3000
2021/03/10 00:00,19.0000
2021/03/11 00:00,28.9000
2021/03/12 00:00,30.5000
2021/03/13 00:00,17.0000
2021/03/14 00:00,9.8000
2021/03/15 00:00,18.8000
2021/03/16 00:00,9.9000
2021/03/17 00:00,14.4000
2021/03/18 00:00,17.5000
2021/03/19 00:00,14.2000
2021/03/20 00:00,11.4000
2021/03/21 00:00,7.4000
2021/03/22 00:00,19.5000
2021/03/23 00:00,10.9000
2021/03/24 00:00,21.1000
2021/03/25 00:00,20.6000
2021/03/26 00:00,23.4000
2021/03/27 00:00,15.9000
2021/03/28 00:00,12.3000
2021/03/29 00:00,16.1000
2021/03/30 00:00,19.4000
2021/03/31 00:00,19.2000
2021/04/01 00:00,21.6000
2021/04/02 00:00,17.2000
2021/04/03 00:00,9.4000
2021/04/04 00:00,5.2000
2021/04/05 00:00,5.6000
2021/04/06 00:00,9.4000
2021/04/07 00:00,9.2000
2021/04/08 00:00,17.6000
2021/04/09 00:00,19.1000
2021/04/10 00:00,19.5000
2021/04/11 00:00,10.1000
2021/04/12 00:00,14.7000
2021/04/13 00:00,13.8000
2021/04/14 00:00,14.2000
2021/04/15 00:00,12.2000
2021/04/16 00:00,16.4000
2021/04/17 00:00,13.5000
2021/04/18 00:00,10.4000
2021/04/19 00:00,13.9000
2021/04/20 00:00,18.8000
2021/04/21 00:00,18.3000
2021/04/22 00:00,16.6000
2021/04/23 00:00,12.0000
2021/04/24 00:00,14.0000
2021/04/25 00:00,10.9000
2021/04/26 00:00,16.1000
2021/04/27 00:00,14.3000
2021/04/28 00:00,13.7000
2021/04/29 00:00,11.7000
2021/04/30 00:00,13.9000
2021/05/01 00:00,8.8000
2021/05/02 00:00,7.7000
2021/05/03 00:00,9.0000
2021/05/04 00:00,12.5000
2021/05/05 00:00,15.0000
2021/05/06 00:00,11.7000
2021/05/07 00:00,13.0000
2021/05/08 00:00,6.7000
2021/05/09 00:00,7.9000
2021/05/10 00:00,12.1000
2021/05/11 00:00,8.4000
2021/05/12 00:00,12.2000
2021/05/13 00:00,9.2000
2021/05/14 00:00,9.3000
2021/05/15 00:00,9.7000
2021/05/16 00:00,10.2000
2021/05/17 00:00,10.6000
2021/05/18 00:00,11.3000
2021/05/19 00:00,9.9000
2021/05/20 00:00,11.5000
2021/05/21 00:00,12.7000
2021/05/22 00:00,8.8000
2021/05/23 00:00,7.0000
2021/05/24 00:00,12.6000
2021/05/25 00:00,11.3000
2021/05/26 00:00,14.1000
2021/05/27 00:00,13.8000
2021/05/28 00:00,10.7000
2021/05/29 00:00,9.5000
2021/05/30 00:00,6.2000
2021/05/31 00:00,8.4000
2021/06/01 00:00,11.5000
2021/06/02 00:00,8.4000
2021/06/03 00:00,13.7000
2021/06/04 00:00,15.8000
2021/06/05 00:00,11.2000
2021/06/06 00:00,8.2000
2021/06/07 00:00,10.0000
2021/06/08 00:00,12.0000
2021/06/09 00:00,13.7000
2021/06/10 00:00,13.3000
2021/06/11 00:00,10.7000
2021/06/12 00:00,12.3000
2021/06/13 00:00,10.6000
2021/06/14 00:00,7.6000
2021/06/15 00:00,7.4000
2021/06/16 00:00,11.3000
2021/06/17 00:00,13.5000
2021/06/18 00:00,12.6000
2021/06/19 00:00,11.6000
2021/06/20 00:00,12.5000
2021/06/21 00:00,11.9000
2021/06/22 00:00,10.0000
2021/06/23 00:00,14.0000
2021/06/24 00:00,12.8000
2021/06/25 00:00,12.9000
2021/06/26 00:00,10.6000
2021/06/27 00:00,10.1000
2021/06/28 00:00,11.2000
2021/06/29 00:00,9.6000
2021/06/30 00:00,14.8000
2021/07/01 00:00,12.0000
2021/07/02 00:00,13.2000
2021/07/03 00:00,10.1000
2021/07/04 00:00,11.1000
2021/07/05 00:00,14.6000
2021/07/06 00:00,13.6000
2021/07/07 00:00,13.2000
2021/07/08 00:00,11.0000
2021/07/09 00:00,13.1000
2021/07/10 00:00,11.8000
2021/07/11 00:00,9.6000
2021/07/12 00:00,12.0000
2021/07/13 00:00,11.2000
2021/07/14 00:00,12.2000
2021/07/15 00:00,12.4000
2021/07/16 00:00,11.1000
2021/07/17 00:00,13.4000
2021/07/18 00:00,10.8000
2021/07/19 00:00,13.1000
2021/07/20 00:00,12.7000
2021/07/21 00:00,13.0000
2021/07/22 00:00,9.8000
2021/07/23 00:00,8.5000
2021/07/24 00:00,11.1000
2021/07/25 00:00,9.5000
2021/07/26 00:00,11.6000
2021/07/27 00:00,10.9000
2021/07/28 00:00,10.9000
2021/07/29 00:00,12.0000
2021/07/30 00:00,13.1000
2021/07/31 00:00,12.4000
2021/08/01 00:00,9.1000
2021/08/02 00:00,9.6000
2021/08/03 00:00,9.1000
2021/08/04 00:00,10.2000
2021/08/05 00:00,11.3000
2021/08/06 00:00,10.9000
2021/08/07 00:00,8.5000
2021/08/08 00:00,8.3000
2021/08/09 00:00,8.4000
2021/08/10 00:00,10.6000
2021/08/11 00:00,10.8000
2021/08/12 00:00,10.2000
2021/08/13 00:00,11.8000
2021/08/14 00:00,10.0000
2021/08/15 00:00,10.2000
2021/08/16 00:00,9.5000
2021/08/17 00:00,9.3000
2021/08/18 00:00,8.3000
2021/08/19 00:00,9.1000
2021/08/20 00:00,9.5000
2021/08/21 00:00,9.4000
2021/08/22 00:00,11.6000
2021/08/23 00:00,11.1000
2021/08/24 00:00,11.5000
2021/08/25 00:00,9.2000
2021/08/26 00:00,14.9000
2021/08/27 00:00,13.1000
2021/08/28 00:00,11.2000
2021/08/29 00:00,11.4000
2021/08/30 00:00,13.3000
2021/08/31 00:00,15.5000
2021/09/01 00:00,13.2000
2021/09/02 00:00,12.2000
2021/09/03 00:00,15.3000
2021/09/04 00:00,13.9000
2021/09/05 00:00,12.4000
2021/09/06 00:00,13.3000
2021/09/07 00:00,13.1000
2021/09/08 00:00,14.4000
2021/09/09 00:00,15.5000
2021/09/10 00:00,17.7000
2021/09/11 00:00,16.5000
2021/09/12 00:00,12.9000
2021/09/13 00:00,19.1000
2021/09/14 00:00,22.2000
2021/09/15 00:00,23.0000
2021/09/16 00:00,16.0000
2021/09/17 00:00,19.2000
2021/09/18 00:00,14.9000
2021/09/19 00:00,9.5000
2021/09/20 00:00,10.0000
2021/09/21 00:00,11.7000
2021/09/22 00:00,13.3000
2021/09/23 00:00,13.6000
2021/09/24 00:00,16.8000
2021/09/25 00:00,13.0000
2021/09/26 00:00,13.9000
2021/09/27 00:00,12.8000
2021/09/28 00:00,12.9000
2021/09/29 00:00,12.8000
2021/09/30 00:00,14.2000
2021/10/01 00:00,14.0000
2021/10/02 00:00,14.4000
2021/10/03 00:00,11.4000
2021/10/04 00:00,9.2000
2021/10/05 00:00,14.2000
2021/10/06 00:00,14.9000
2021/10/07 00:00,18.5000
2021/10/08 00:00,18.9000
2021/10/09 00:00,12.7000
2021/10/10 00:00,9.9000
2021/10/11 00:00,16.9000
2021/10/12 00:00,18.2000
2021/10/13 00:00,17.0000
2021/10/14 00:00,18.4000
2021/10/15 00:00,19.1000
2021/10/16 00:00,16.3000
2021/10/17 00:00,16.3000
2021/10/18 00:00,17.5000
2021/10/19 00:00,23.2000
2021/10/20 00:00,22.2000
2021/10/21 00:00,24.0000
2021/10/22 00:00,19.8000
2021/10/23 00:00,17.3000
2021/10/24 00:00,15.6000
2021/10/25 00:00,16.2000
2021/10/26 00:00,21.8000
2021/10/27 00:00,23.6000
2021/10/28 00:00,20.4000
2021/10/29 00:00,24.1000
2021/10/30 00:00,21.3000
2021/10/31 00:00,19.5000
2021/11/01 00:00,15.9000
2021/11/02 00:00,15.7000
2021/11/03 00:00,11.2000
2021/11/04 00:00,17.2000
2021/11/05 00:00,22.5000
2021/11/06 00:00,18.4000
2021/11/07 00:00,20.1000
2021/11/08 00:00,19.3000
2021/11/09 00:00,16.5000
2021/11/10 00:00,21.3000
2021/11/11 00:00,23.9000
2021/11/12 00:00,17.1000
2021/11/13 00:00,24.8000
2021/11/14 00:00,17.5000
2021/11/15 00:00,18.9000
2021/11/16 00:00,19.8000
2021/11/17 00:00,23.9000
2021/11/18 00:00,20.9000
2021/11/19 00:00,21.2000
2021/11/20 00:00,17.7000
2021/11/21 00:00,19.6000
2021/11/22 00:00,15.8000
2021/11/23 00:00,16.5000
2021/11/24 00:00,14.4000
2021/11/25 00:00,13.9000
2021/11/26 00:00,18.1000
2021/11/27 00:00,23.7000
2021/11/28 00:00,17.6000
2021/11/29 00:00,22.1000
2021/11/30 00:00,21.2000
2021/12/01 00:00,27.6000
2021/12/02 00:00,30.4000
2021/12/03 00:00,26.1000
2021/12/04 00:00,29.7000
2021/12/05 00:00,28.5000
2021/12/06 00:00,25.5000
2021/12/07 00:00,31.3000
2021/12/08 00:00,20.4000
2021/12/09 00:00,15.9000
2021/12/10 00:00,19.3000
2021/12/11 00:00,26.1000
2021/12/12 00:00,20.1000
2021/12/13 00:00,26.3000
2021/12/14 00:00,34.4000
2021/12/15 00:00,28.8000
2021/12/16 00:00,30.5000
2021/12/17 00:00,25.8000
2021/12/18 00:00,33.5000
2021/12/19 00:00,20.0000
2021/12/20 00:00,27.0000
2021/12/21 00:00,33.3000
2021/12/22 00:00,28.3000
2021/12/23 00:00,28.2000
2021/12/24 00:00,30.8000
2021/12/25 00:00,28.5000
2021/12/26 00:00,21.4000
2021/12/27 00:00,22.7000
2021/12/28 00:00,31.0000
2021/12/29 00:00,24.3000
2021/12/30 00:00,25.1000
2021/12/31 00:00,20.1000
2022/01/01 00:00,19.6000
2022/01/02 00:00,21.0000
2022/01/03 00:00,21.4000
2022/01/04 00:00,34.2000
2022/01/05 00:00,26.9000
2022/01/06 00:00,15.1000
2022/01/07 00:00,20.7000
2022/01/08 00:00,25.2000
2022/01/09 00:00,30.4000
2022/01/10 00:00,28.0000
2022/01/11 00:00,28.4000
2022/01/12 00:00,32.7000
2022/01/13 00:00,29.8000
2022/01/14 00:00,31.4000
2022/01/15 00:00,35.8000
2022/01/16 00:00,36.5000
2022/01/17 00:00,40.1000
2022/01/18 00:00,34.9000
2022/01/19 00:00,35.8000
2022/01/20 00:00,41.0000
2022/01/21 00:00,33.1000
2022/01/22 00:00,34.0000
2022/01/23 00:00,28.6000
2022/01/24 00:00,28.4000
2022/01/25 00:00,35.0000
2022/01/26 00:00,41.6000
2022/01/27 00:00,40.9000
2022/01/28 00:00,37.6000
2022/01/29 00:00,32.8000
2022/01/30 00:00,34.2000
2022/01/31 00:00,34.2000
2022/02/01 00:00,24.8000
2022/02/02 00:00,32.4000
2022/02/03 00:00,30.7000
2022/02/04 00:00,31.1000
2022/02/05 00:00,21.6000
2022/02/06 00:00,22.1000
2022/02/07 00:00,20.2000
2022/02/08 00:00,28.1000
2022/02/09 00:00,37.0000
2022/02/10 00:00,32.8000
2022/02/11 00:00,42.7000
2022/02/12 00:00,21.2000
2022/02/13 00:00,24.1000
2022/02/14 00:00,29.1000
2022/02/15 00:00,28.7000
2022/02/16 00:00,27.0000
2022/02/17 00:00,29.4000
2022/02/18 00:00,36.0000
2022/02/19 00:00,33.8000
2022/02/20 00:00,26.2000
2022/02/21 00:00,21.5000
2022/02/22 00:00,19.6000
2022/02/23 00:00,28.5000
2022/02/24 00:00,34.2000
2022/02/25 00:00,25.8000
2022/02/26 00:00,20.2000
2022/02/27 00:00,19.5000
2022/02/28 00:00,25.3000
2022/03/01 00:00,21.7000
2022/03/02 00:00,33.8000
2022/03/03 00:00,35.1000
2022/03/04 00:00,28.1000
2022/03/05 00:00,18.6000
2022/03/06 00:00,16.5000
2022/03/07 00:00,27.9000
2022/03/08 00:00,23.6000
2022/03/09 00:00,34.6000
2022/03/10 00:00,36.2000
2022/03/11 00:00,21.5000
2022/03/12 00:00,18.2000
2022/03/13 00:00,21.7000
2022/03/14 00:00,26.3000
2022/03/15 00:00,33.5000
2022/03/16 00:00,33.0000
2022/03/17 00:00,31.2000
2022/03/18 00:00,22.9000
2022/03/19 00:00,18.9000
2022/03/20 00:00,4.6000
2022/03/21 00:00,22.7000
2022/03/22 00:00,23.7000
2022/03/23 00:00,27.9000
2022/03/24 00:00,32.7000
2022/03/25 00:00,26.7000
2022/03/26 00:00,22.7000
2022/03/27 00:00,18.1000
2022/03/28 00:00,24.7000
2022/03/29 00:00,25.7000
2022/03/30 00:00,26.0000
2022/03/31 00:00,19.4000
2022/04/01 00:00,20.2000
2022/04/02 00:00,14.4000
2022/04/03 00:00,13.5000
2022/04/04 00:00,18.2000
2022/04/05 00:00,24.9000
2022/04/06 00:00,18.9000
2022/04/07 00:00,20.6000
2022/04/08 00:00,17.9000
2022/04/09 00:00,14.0000
2022/04/10 00:00,12.2000
2022/04/11 00:00,17.3000
2022/04/12 00:00,21.3000
2022/04/13 00:00,20.9000
2022/04/14 00:00,19.8000
2022/04/15 00:00,19.3000
2022/04/16 00:00,14.0000
2022/04/17 00:00,8.9000
2022/04/18 00:00,8.3000
2022/04/19 00:00,15.2000
2022/04/20 00:00,12.9000
2022/04/21 00:00,16.3000
2022/04/22 00:00,20.0000
2022/04/23 00:00,12.7000
2022/04/24 00:00,9.2000
2022/04/25 00:00,11.1000
2022/04/26 00:00,14.6000
2022/04/27 00:00,12.2000
2022/04/28 00:00,12.6000
2022/04/29 00:00,12.2000
2022/04/30 00:00,11.7000
2022/05/01 00:00,5.1000
2022/05/02 00:00,10.7000
2022/05/03 00:00,10.3000
2022/05/04 00:00,13.8000
2022/05/05 00:00,12.3000
2022/05/06 00:00,10.9000
2022/05/07 00:00,8.7000
2022/05/08 00:00,6.6000
2022/05/09 00:00,10.0000
2022/05/10 00:00,11.6000
2022/05/11 00:00,13.0000
2022/05/12 00:00,14.6000
2022/05/13 00:00,13.1000
2022/05/14 00:00,10.2000
2022/05/15 00:00,6.7000
2022/05/16 00:00,7.8000
2022/05/17 00:00,8.7000
2022/05/18 00:00,10.2000
2022/05/19 00:00,8.9000
2022/05/20 00:00,14.3000
2022/05/21 00:00,14.1000
2022/05/22 00:00,10.5000
2022/05/23 00:00,12.6000
2022/05/24 00:00,9.7000
2022/05/25 00:00,8.4000
2022/05/26 00:00,11.9000
2022/05/27 00:00,10.9000
2022/05/28 00:00,10.9000
2022/05/29 00:00,6.8000
2022/05/30 00:00,10.2000
2022/05/31 00:00,9.9000
2022/06/01 00:00,11.6000
2022/06/02 00:00,9.2000
2022/06/03 00:00,10.4000
2022/06/04 00:00,9.5000
2022/06/05 00:00,11.3000
2022/06/06 00:00,10.9000
2022/06/07 00:00,9.8000
2022/06/08 00:00,9.5000
2022/06/09 00:00,11.1000
2022/06/10 00:00,11.5000
2022/06/11 00:00,10.3000
2022/06/12 00:00,10.4000
2022/06/13 00:00,14.0000
2022/06/14 00:00,13.0000
2022/06/15 00:00,10.6000
2022/06/16 00:00,12.2000
2022/06/17 00:00,14.2000
2022/06/18 00:00,8.9000
2022/06/19 00:00,10.1000
2022/06/20 00:00,11.7000
2022/06/21 00:00,14.2000
2022/06/22 00:00,12.0000
2022/06/23 00:00,11.8000
2022/06/24 00:00,11.0000
2022/06/25 00:00,11.0000
2022/06/26 00:00,10.4000
2022/06/27 00:00,12.1000
2022/06/28 00:00,16.2000
2022/06/29 00:00,12.7000
2022/06/30 00:00,14.5000
2022/07/01 00:00,12.6000
2022/07/02 00:00,12.0000
2022/07/03 00:00,12.0000
2022/07/04 00:00,12.1000
2022/07/05 00:00,13.2000
2022/07/06 00:00,10.8000
2022/07/07 00:00,12.2000
2022/07/08 00:00,11.8000
2022/07/09 00:00,11.6000
2022/07/10 00:00,9.9000
2022/07/11 00:00,10.9000
2022/07/12 00:00,9.6000
2022/07/13 00:00,10.8000
2022/07/14 00:00,14.4000
2022/07/15 00:00,16.3000
2022/07/16 00:00,12.8000
2022/07/17 00:00,10.3000
2022/07/18 00:00,12.3000
2022/07/19 00:00,13.1000
2022/07/20 00:00,14.8000
2022/07/21 00:00,15.2000
2022/07/22 00:00,15.1000
2022/07/23 00:00,13.5000
2022/07/24 00:00,12.0000
2022/07/25 00:00,13.9000
2022/07/26 00:00,12.4000
2022/07/27 00:00,14.5000
2022/07/28 00:00,12.9000
2022/07/29 00:00,14.7000
2022/07/30 00:00,11.5000
2022/07/31 00:00,9.5000
2022/08/01 00:00,11.1000
2022/08/02 00:00,9.8000
2022/08/03 00:00,10.4000
2022/08/04 00:00,11.0000
2022/08/05 00:00,10.7000
2022/08/06 00:00,6.1000
2022/08/07 00:00,4.3000
2022/08/08 00:00,8.3000
2022/08/09 00:00,7.0000
2022/08/10 00:00,7.7000
2022/08/11 00:00,8.1000
2022/08/12 00:00,6.9000
2022/08/13 00:00,6.1000
2022/08/14 00:00,7.4000
2022/08/15 00:00,4.6000
2022/08/16 00:00,6.2000
2022/08/17 00:00,7.0000
2022/08/18 00:00,6.6000
2022/08/19 00:00,7.2000
2022/08/20 00:00,6.8000
2022/08/21 00:00,6.8000
2022/08/22 00:00,7.0000
2022/08/23 00:00,7.9000
2022/08/24 00:00,6.6000
2022/08/25 00:00,6.3000
2022/08/26 00:00,6.9000
2022/08/27 00:00,9.9000
2022/08/28 00:00,6.3000
2022/08/29 00:00,8.3000
2022/08/30 00:00,6.2000
2022/08/31 00:00,8.2000
2022/09/01 00:00,6.7000
2022/09/02 00:00,5.5000
2022/09/03 00:00,6.3000
2022/09/04 00:00,5.4000
2022/09/05 00:00,7.2000
2022/09/06 00:00,9.6000
2022/09/07 00:00,7.5000
2022/09/08 00:00,6.6000
2022/09/09 00:00,7.6000
2022/09/10 00:00,7.6000
2022/09/11 00:00,7.0000
2022/09/12 00:00,8.6000
2022/09/13 00:00,11.4000
2022/09/14 00:00,12.3000
2022/09/15 00:00,10.6000
2022/09/16 00:00,13.8000
2022/09/17 00:00,9.6000
2022/09/18 00:00,8.9000
2022/09/19 00:00,11.2000
2022/09/20 00:00,11.2000
2022/09/21 00:00,11.5000
2022/09/22 00:00,14.9000
2022/09/23 00:00,16.6000
2022/09/24 00:00,16.6000
2022/09/25 00:00,11.5000
2022/09/26 00:00,13.1000
2022/09/27 00:00,14.7000
2022/09/28 00:00,16.6000
2022/09/29 00:00,13.2000
2022/09/30 00:00,13.6000
2022/10/01 00:00,12.2000
2022/10/02 00:00,11.2000
2022/10/03 00:00,15.5000
2022/10/04 00:00,14.6000
2022/10/05 00:00,13.3000
2022/10/06 00:00,16.4000
2022/10/07 00:00,18.4000
2022/10/08 00:00,17.7000
2022/10/09 00:00,13.2000
2022/10/10 00:00,14.0000
2022/10/11 00:00,18.2000
2022/10/12 00:00,17.4000
2022/10/13 00:00,17.1000
2022/10/14 00:00,21.7000
2022/10/15 00:00,23.0000
2022/10/16 00:00,14.8000
2022/10/17 00:00,19.0000
2022/10/18 00:00,17.4000
2022/10/19 00:00,18.8000
2022/10/20 00:00,19.7000
2022/10/21 00:00,19.2000
2022/10/22 00:00,13.7000
2022/10/23 00:00,13.2000
2022/10/24 00:00,15.4000
2022/10/25 00:00,15.9000
2022/10/26 00:00,14.7000
2022/10/27 00:00,18.0000
2022/10/28 00:00,19.8000
2022/10/29 00:00,19.6000
2022/10/30 00:00,18.9000
2022/10/31 00:00,21.6000
2022/11/01 00:00,14.9000
2022/11/02 00:00,16.6000
2022/11/03 00:00,14.8000
2022/11/04 00:00,14.1000
2022/11/05 00:00,13.2000
2022/11/06 00:00,14.6000
2022/11/07 00:00,22.5000
2022/11/08 00:00,30.6000
2022/11/09 00:00,31.0000
2022/11/10 00:00,18.2000
2022/11/11 00:00,12.7000
2022/11/12 00:00,13.6000
2022/11/13 00:00,13.8000
2022/11/14 00:00,14.4000
2022/11/15 00:00,18.9000
2022/11/16 00:00,15.3000
2022/11/17 00:00,21.2000
2022/11/18 00:00,22.4000
2022/11/19 00:00,15.0000
2022/11/20 00:00,16.9000
2022/11/21 00:00,23.9000
2022/11/22 00:00,25.4000
2022/11/23 00:00,18.1000
2022/11/24 00:00,23.1000
2022/11/25 00:00,22.7000
2022/11/26 00:00,20.0000
2022/11/27 00:00,15.8000
2022/11/28 00:00,21.7000
2022/11/29 00:00,27.4000
2022/11/30 00:00,22.5000
2022/12/01 00:00,24.2000
2022/12/02 00:00,27.7000
2022/12/03 00:00,23.5000
2022/12/04 00:00,20.5000
2022/12/05 00:00,23.1000
2022/12/06 00:00,19.8000
2022/12/07 00:00,21.6000
2022/12/08 00:00,25.7000
2022/12/09 00:00,26.3000
2022/12/10 00:00,19.6000
2022/12/11 00:00,16.8000
2022/12/12 00:00,18.5000
2022/12/13 00:00,28.4000
2022/12/14 00:00,32.8000
2022/12/15 00:00,32.2000
2022/12/16 00:00,26.7000
2022/12/17 00:00,26.5000
2022/12/18 00:00,21.2000
2022/12/19 00:00,27.3000
2022/12/20 00:00,30.6000
2022/12/21 00:00,33.9000
2022/12/22 00:00,34.9000
2022/12/23 00:00,34.2000
2022/12/24 00:00,23.0000
2022/12/25 00:00,14.5000
2022/12/26 00:00,17.2000
2022/12/27 00:00,15.3000
2022/12/28 00:00,19.3000
2022/12/29 00:00,21.6000
2022/12/30 00:00,21.2000
2022/12/31 00:00,22.8000
2023/01/01 00:00,21.7000
2023/01/02 00:00,24.6000
2023/01/03 00:00,20.0000
2023/01/04 00:00,19.8000
2023/01/05 00:00,22.6000
2023/01/06 00:00,17.9000
2023/01/07 00:00,18.6000
2023/01/08 00:00,17.1000
2023/01/09 00:00,15.1000
2023/01/10 00:00,21.3000
2023/01/11 00:00,27.0000
2023/01/12 00:00,29.3000
2023/01/13 00:00,30.0000
2023/01/14 00:00,21.3000
2023/01/15 00:00,24.3000
2023/01/16 00:00,19.3000
2023/01/17 00:00,20.1000
2023/01/18 00:00,24.5000
2023/01/19 00:00,25.5000
2023/01/20 00:00,23.2000
2023/01/21 00:00,23.2000
2023/01/22 00:00,25.0000
2023/01/23 00:00,25.0000
2023/01/24 00:00,20.4000
2023/01/25 00:00,20.1000
2023/01/26 00:00,17.7000
2023/01/27 00:00,17.6000
2023/01/28 00:00,23.8000
2023/01/29 00:00,19.4000
2023/01/30 00:00,27.0000
2023/01/31 00:00,31.8000
2023/02/01 00:00,35.9000
2023/02/02 00:00,32.4000
2023/02/03 00:00,33.1000
2023/02/04 00:00,30.1000
2023/02/05 00:00,10.2000
2023/02/06 00:00,21.8000
2023/02/07 00:00,25.6000
2023/02/08 00:00,27.3000
2023/02/09 00:00,22.5000
2023/02/10 00:00,33.6000
2023/02/11 00:00,41.3000
2023/02/12 00:00,28.9000
2023/02/13 00:00,35.0000
2023/02/14 00:00,44.4000
2023/02/15 00:00,48.2000
2023/02/16 00:00,43.8000
2023/02/17 00:00,38.6000
2023/02/18 00:00,33.7000
2023/02/19 00:00,25.2000
2023/02/20 00:00,31.9000
2023/02/21 00:00,40.2000
2023/02/22 00:00,35.4000
2023/02/23 00:00,40.1000
2023/02/24 00:00,30.8000
2023/02/25 00:00,25.4000
2023/02/26 00:00,16.6000
2023/02/27 00:00,19.9000
2023/02/28 00:00,24.0000
2023/03/01 00:00,31.0000
2023/03/02 00:00,28.3000
2023/03/03 00:00,29.8000
2023/03/04 00:00,31.2000
2023/03/05 00:00,28.4000
2023/03/06 00:00,30.7000
2023/03/07 00:00,34.3000
2023/03/08 00:00,31.9000
2023/03/09 00:00,27.2000
2023/03/10 00:00,26.7000
2023/03/11 00:00,25.3000
2023/03/12 00:00,14.3000
2023/03/13 00:00,20.5000
2023/03/14 00:00,16.1000
2023/03/15 00:00,17.2000
2023/03/16 00:00,18.4000
2023/03/17 00:00,19.7000
2023/03/18 00:00,25.6000
2023/03/19 00:00,19.7000
2023/03/20 00:00,18.7000
2023/03/21 00:00,25.1000
2023/03/22 00:00,27.8000
2023/03/23 00:00,26.1000
2023/03/24 00:00,20.4000
2023/03/25 00:00,9.9000
2023/03/26 00:00,16.8000
2023/03/27 00:00,12.9000
2023/03/28 00:00,18.9000
2023/03/29 00:00,20.9000
2023/03/30 00:00,25.5000
2023/03/31 00:00,26.5000
2023/04/01 00:00,17.5000
2023/04/02 00:00,13.0000
2023/04/03 00:00,14.0000
2023/04/04 00:00,12.2000
2023/04/05 00:00,13.0000
2023/04/06 00:00,17.6000
2023/04/07 00:00,21.6000
2023/04/08 00:00,15.3000
2023/04/09 00:00,8.3000
2023/04/10 00:00,8.9000
2023/04/11 00:00,13.0000
2023/04/12 00:00,18.0000
2023/04/13 00:00,11.8000
2023/04/14 00:00,13.9000
2023/04/15 00:00,13.0000
2023/04/16 00:00,11.3000
2023/04/17 00:00,15.2000
2023/04/18 00:00,13.5000
2023/04/19 00:00,11.9000
2023/04/20 00:00,9.3000
2023/04/21 00:00,13.1000
2023/04/22 00:00,11.9000
2023/04/23 00:00,10.8000
2023/04/24 00:00,9.4000
2023/04/25 00:00,6.4000
2023/04/26 00:00,14.5000
2023/04/27 00:00,14.9000
2023/04/28 00:00,14.3000
2023/04/29 00:00,14.4000
2023/04/30 00:00,11.3000
2023/05/01 00:00,9.2000
2023/05/02 00:00,14.9000
2023/05/03 00:00,12.2000
2023/05/04 00:00,16.9000
2023/05/05 00:00,15.2000
2023/05/06 00:00,12.6000
2023/05/07 00:00,11.0000
2023/05/08 00:00,11.3000
2023/05/09 00:00,14.4000
2023/05/10 00:00,16.2000
2023/05/11 00:00,12.6000
2023/05/12 00:00,11.4000
2023/05/13 00:00,10.7000
2023/05/14 00:00,11.3000
2023/05/15 00:00,9.5000
2023/05/16 00:00,19.1000
2023/05/17 00:00,17.0000
2023/05/18 00:00,13.4000
2023/05/19 00:00,16.6000
2023/05/20 00:00,13.2000
2023/05/21 00:00,11.4000
2023/05/22 00:00,10.5000
2023/05/23 00:00,15.5000
2023/05/24 00:00,14.0000
2023/05/25 00:00,13.2000
2023/05/26 00:00,18.9000
2023/05/27 00:00,13.4000
2023/05/28 00:00,13.1000
2023/05/29 00:00,13.8000
2023/05/30 00:00,16.2000
2023/05/31 00:00,12.9000
2023/06/01 00:00,12.5000
2023/06/02 00:00,10.0000
2023/06/03 00:00,8.8000
2023/06/04 00:00,6.2000
2023/06/05 00:00,10.9000
2023/06/06 00:00,9.2000
2023/06/07 00:00,9.2000
2023/06/08 00:00,10.5000
2023/06/09 00:00,11.1000
2023/06/10 00:00,11.2000
2023/06/11 00:00,7.0000
2023/06/12 00:00,7.7000
2023/06/13 00:00,7.9000
2023/06/14 00:00,9.6000
2023/06/15 00:00,10.5000
2023/06/16 00:00,10.8000
2023/06/17 00:00,9.5000
2023/06/18 00:00,8.4000
2023/06/19 00:00,10.5000
2023/06/20 00:00,11.9000
2023/06/21 00:00,12.2000
2023/06/22 00:00,12.6000
2023/06/23 00:00,10.4000
2023/06/24 00:00,7.2000
2023/06/25 00:00,5.7000
2023/06/26 00:00,7.5000
2023/06/27 00:00,9.4000
2023/06/28 00:00,7.9000
2023/06/29 00:00,6.2000
2023/06/30 00:00,9.6000
2023/07/01 00:00,7.4000
2023/07/02 00:00,6.4000
2023/07/03 00:00,6.4000
2023/07/04 00:00,6.1000
2023/07/05 00:00,6.6000
2023/07/06 00:00,7.7000
2023/07/07 00:00,7.3000
2023/07/08 00:00,6.7000
2023/07/09 00:00,6.4000
2023/07/10 00:00,7.9000
2023/07/11 00:00,6.4000
2023/07/12 00:00,3.8000
2023/07/13 00:00,5.0000
2023/07/14 00:00,6.9000
2023/07/15 00:00,6.5000
2023/07/16 00:00,4.9000
2023/07/17 00:00,5.3000
2023/07/18 00:00,6.6000
2023/07/19 00:00,6.9000
2023/07/20 00:00,5.4000
2023/07/21 00:00,7.3000
2023/07/22 00:00,5.4000
2023/07/23 00:00,4.7000
2023/07/24 00:00,7.5000
2023/07/25 00:00,7.0000
2023/07/26 00:00,7.2000
2023/07/27 00:00,5.4000
2023/07/28 00:00,8.0000
2023/07/29 00:00,8.0000
2023/07/30 00:00,4.7000
2023/07/31 00:00,5.1000
2023/08/01 00:00,5.3000
2023/08/02 00:00,7.2000
2023/08/03 00:00,5.6000
2023/08/04 00:00,6.0000
2023/08/05 00:00,7.0000
2023/08/06 00:00,5.9000
2023/08/07 00:00,7.1000
2023/08/08 00:00,7.9000
2023/08/09 00:00,10.1000
2023/08/10 00:00,6.5000
2023/08/11 00:00,6.4000
2023/08/12 00:00,4.8000
2023/08/13 00:00,3.8000
2023/08/14 00:00,4.9000
2023/08/15 00:00,3.5000
2023/08/16 00:00,4.3000
2023/08/17 00:00,5.3000
2023/08/18 00:00,4.2000
2023/08/19 00:00,5.6000
2023/08/20 00:00,4.7000
2023/08/21 00:00,6.5000
2023/08/22 00:00,7.4000
2023/08/23 00:00,8.0000
2023/08/24 00:00,9.1000
2023/08/25 00:00,7.2000
2023/08/26 00:00,7.3000
2023/08/27 00:00,7.0000
2023/08/28 00:00,6.3000
2023/08/29 00:00,8.6000
2023/08/30 00:00,9.9000
2023/08/31 00:00,10.4000
2023/09/01 00:00,10.0000
2023/09/02 00:00,9.7000
2023/09/03 00:00,8.7000
2023/09/04 00:00,8.9000
2023/09/05 00:00,9.4000
2023/09/06 00:00,11.3000
2023/09/07 00:00,12.8000
2023/09/08 00:00,13.5000
2023/09/09 00:00,10.1000
2023/09/10 00:00,8.8000
2023/09/11 00:00,10.9000
2023/09/12 00:00,12.3000
2023/09/13 00:00,11.1000
2023/09/14 00:00,12.8000
2023/09/15 00:00,13.0000
2023/09/16 00:00,9.6000
2023/09/17 00:00,9.0000
2023/09/18 00:00,9.1000
2023/09/19 00:00,11.4000
2023/09/20 00:00,10.9000
2023/09/21 00:00,10.9000
2023/09/22 00:00,8.3000
2023/09/23 00:00,9.9000
2023/09/24 00:00,8.5000
2023/09/25 00:00,10.5000
2023/09/26 00:00,12.7000
2023/09/27 00:00,12.9000
2023/09/28 00:00,12.7000
2023/09/29 00:00,13.8000
2023/09/30 00:00,13.9000
2023/10/01 00:00,10.9000
2023/10/02 00:00,14.3000
2023/10/03 00:00,13.0000
2023/10/04 00:00,14.8000
2023/10/05 00:00,13.1000
2023/10/06 00:00,13.0000
2023/10/07 00:00,11.5000
2023/10/08 00:00,11.5000
2023/10/09 00:00,18.7000
2023/10/10 00:00,16.5000
2023/10/11 00:00,19.2000
2023/10/12 00:00,16.2000
2023/10/13 00:00,18.5000
2023/10/14 00:00,13.7000
2023/10/15 00:00,13.4000
2023/10/16 00:00,9.8000
2023/10/17 00:00,16.8000
2023/10/18 00:00,23.0000
2023/10/19 00:00,17.5000
2023/10/20 00:00,15.8000
2023/10/21 00:00,13.7000
2023/10/22 00:00,13.2000
2023/10/23 00:00,13.0000
2023/10/24 00:00,16.5000
2023/10/25 00:00,17.4000
2023/10/26 00:00,17.4000
2023/10/27 00:00,16.7000
2023/10/28 00:00,11.7000
2023/10/29 00:00,10.7000
2023/10/30 00:00,11.3000
2023/10/31 00:00,13.7000
2023/11/01 00:00,9.0000
2023/11/02 00:00,14.5000
2023/11/03 00:00,11.9000
2023/11/04 00:00,8.1000
2023/11/05 00:00,8.4000
2023/11/06 00:00,12.5000
2023/11/07 00:00,14.3000
2023/11/08 00:00,15.6000
2023/11/09 00:00,16.3000
2023/11/10 00:00,15.0000
2023/11/11 00:00,15.3000
2023/11/12 00:00,11.9000
2023/11/13 00:00,20.7000
2023/11/14 00:00,25.2000
2023/11/15 00:00,23.5000
2023/11/16 00:00,23.7000
2023/11/17 00:00,25.0000
2023/11/18 00:00,20.6000
2023/11/19 00:00,21.8000
2023/11/20 00:00,24.6000
2023/11/21 00:00,21.2000
2023/11/22 00:00,21.3000
2023/11/23 00:00,17.9000
2023/11/24 00:00,28.2000
2023/11/25 00:00,14.4000
2023/11/26 00:00,21.5000
2023/11/27 00:00,24.6000
2023/11/28 00:00,33.7000
2023/11/29 00:00,23.3000
2023/11/30 00:00,20.0000
2023/12/01 00:00,28.3000
2023/12/02 00:00,23.6000
2023/12/03 00:00,14.0000
2023/12/04 00:00,15.9000
2023/12/05 00:00,22.3000
2023/12/06 00:00,14.1000
2023/12/07 00:00,21.4000
2023/12/08 00:00,25.0000
2023/12/09 00:00,19.0000
2023/12/10 00:00,19.1000
2023/12/11 00:00,26.7000
2023/12/12 00:00,25.3000
2023/12/13 00:00,33.0000
2023/12/14 00:00,20.5000
2023/12/15 00:00,24.0000
2023/12/16 00:00,19.5000
2023/12/17 00:00,18.1000
2023/12/18 00:00,26.4000
2023/12/19 00:00,29.3000
2023/12/20 00:00,25.7000
2023/12/21 00:00,26.5000
2023/12/22 00:00,21.5000
2023/12/23 00:00,21.5000
2023/12/24 00:00,21.0000
2023/12/25 00:00,17.1000
2023/12/26 00:00,21.1000
2023/12/27 00:00,16.7000
2023/12/28 00:00,17.2000
2023/12/29 00:00,22.1000
2023/12/30 00:00,19.0000
2023/12/31 00:00,18.2000
