Temporal_scale;Exposure_method;Exposure_method_label;Correlation_method;Group;Pollutant;Outcome;Pollutant_column;Outcome_column;N;Correlation;P_value;Strength;Direction;Significance;Interpretation
Monthly;Population_weighted_mean;Population-weighted area exposure;Spearman;Overall;NO2;Respiratory;NO2_population_weighted_mean;Respiratory_rate_per_10000;120;0.3235292075681221;0.0003128380346126094;moderate;positive;statistically significant at p < 0.05;Moderate positive, statistically significant
Monthly;Population_weighted_mean;Population-weighted area exposure;Spearman;Overall;NO2;Cardiocirculatory;NO2_population_weighted_mean;Cardiocirculatory_rate_per_10000;120;0.4330395588939005;7.814666047289544e-07;moderate;positive;statistically significant at p < 0.05;Moderate positive, statistically significant
Monthly;Population_weighted_mean;Population-weighted area exposure;Spearman;Overall;PM25;Respiratory;PM25_population_weighted_mean;Respiratory_rate_per_10000;120;0.45021425555133765;2.4793237120116466e-07;moderate;positive;statistically significant at p < 0.05;Moderate positive, statistically significant
Monthly;Population_weighted_mean;Population-weighted area exposure;Spearman;Overall;PM25;Cardiocirculatory;PM25_population_weighted_mean;Cardiocirculatory_rate_per_10000;120;0.2210913409664067;0.015237082673323486;weak;positive;statistically significant at p < 0.05;Weak positive, statistically significant
Monthly;Population_weighted_mean;Population-weighted area exposure;Spearman;Industrial;NO2;Respiratory;NO2_population_weighted_mean;Respiratory_rate_per_10000;60;0.29326034731003836;0.0229629511473227;weak;positive;statistically significant at p < 0.05;Weak positive, statistically significant
Monthly;Population_weighted_mean;Population-weighted area exposure;Spearman;Industrial;NO2;Cardiocirculatory;NO2_population_weighted_mean;Cardiocirculatory_rate_per_10000;60;0.3749201146241578;0.0031622699130691065;moderate;positive;statistically significant at p < 0.05;Moderate positive, statistically significant
Monthly;Population_weighted_mean;Population-weighted area exposure;Spearman;Industrial;PM25;Respiratory;PM25_population_weighted_mean;Respiratory_rate_per_10000;60;0.425469247490175;0.0007016469427235561;moderate;positive;statistically significant at p < 0.05;Moderate positive, statistically significant
Monthly;Population_weighted_mean;Population-weighted area exposure;Spearman;Industrial;PM25;Cardiocirculatory;PM25_population_weighted_mean;Cardiocirculatory_rate_per_10000;60;0.3874239352408384;0.0022263579901614134;moderate;positive;statistically significant at p < 0.05;Moderate positive, statistically significant
Monthly;Population_weighted_mean;Population-weighted area exposure;Spearman;Agricultural;NO2;Respiratory;NO2_population_weighted_mean;Respiratory_rate_per_10000;60;0.3961873563372079;0.001726725026803133;moderate;positive;statistically significant at p < 0.05;Moderate positive, statistically significant
Monthly;Population_weighted_mean;Population-weighted area exposure;Spearman;Agricultural;NO2;Cardiocirculatory;NO2_population_weighted_mean;Cardiocirculatory_rate_per_10000;60;0.28076805610661315;0.029781389715403686;weak;positive;statistically significant at p < 0.05;Weak positive, statistically significant
Monthly;Population_weighted_mean;Population-weighted area exposure;Spearman;Agricultural;PM25;Respiratory;PM25_population_weighted_mean;Respiratory_rate_per_10000;60;0.44381765224532144;0.00038242636306497175;moderate;positive;statistically significant at p < 0.05;Moderate positive, statistically significant
Monthly;Population_weighted_mean;Population-weighted area exposure;Spearman;Agricultural;PM25;Cardiocirculatory;PM25_population_weighted_mean;Cardiocirculatory_rate_per_10000;60;0.1252118825036024;0.34046698508587014;weak;positive;not statistically significant at p < 0.05;Weak positive, not statistically significant
Monthly;Population_weighted_mean;Population-weighted area exposure;Pearson;Overall;NO2;Respiratory;NO2_population_weighted_mean;Respiratory_rate_per_10000;120;0.3594481967004524;5.531520253947143e-05;moderate;positive;statistically significant at p < 0.05;Moderate positive, statistically significant
Monthly;Population_weighted_mean;Population-weighted area exposure;Pearson;Overall;NO2;Cardiocirculatory;NO2_population_weighted_mean;Cardiocirculatory_rate_per_10000;120;0.43277115079611833;7.952196319805963e-07;moderate;positive;statistically significant at p < 0.05;Moderate positive, statistically significant
Monthly;Population_weighted_mean;Population-weighted area exposure;Pearson;Overall;PM25;Respiratory;PM25_population_weighted_mean;Respiratory_rate_per_10000;120;0.480412819328032;2.8090939378987373e-08;moderate;positive;statistically significant at p < 0.05;Moderate positive, statistically significant
Monthly;Population_weighted_mean;Population-weighted area exposure;Pearson;Overall;PM25;Cardiocirculatory;PM25_population_weighted_mean;Cardiocirculatory_rate_per_10000;120;0.2365025854140816;0.009304945643879013;weak;positive;statistically significant at p < 0.05;Weak positive, statistically significant
Monthly;Population_weighted_mean;Population-weighted area exposure;Pearson;Industrial;NO2;Respiratory;NO2_population_weighted_mean;Respiratory_rate_per_10000;60;0.332238997070747;0.009500401442877601;moderate;positive;statistically significant at p < 0.05;Moderate positive, statistically significant
Monthly;Population_weighted_mean;Population-weighted area exposure;Pearson;Industrial;NO2;Cardiocirculatory;NO2_population_weighted_mean;Cardiocirculatory_rate_per_10000;60;0.3713986493691375;0.003482310256015834;moderate;positive;statistically significant at p < 0.05;Moderate positive, statistically significant
Monthly;Population_weighted_mean;Population-weighted area exposure;Pearson;Industrial;PM25;Respiratory;PM25_population_weighted_mean;Respiratory_rate_per_10000;60;0.4754751967738932;0.0001234308864257459;moderate;positive;statistically significant at p < 0.05;Moderate positive, statistically significant
Monthly;Population_weighted_mean;Population-weighted area exposure;Pearson;Industrial;PM25;Cardiocirculatory;PM25_population_weighted_mean;Cardiocirculatory_rate_per_10000;60;0.3767475397670882;0.003006706751810446;moderate;positive;statistically significant at p < 0.05;Moderate positive, statistically significant
Monthly;Population_weighted_mean;Population-weighted area exposure;Pearson;Agricultural;NO2;Respiratory;NO2_population_weighted_mean;Respiratory_rate_per_10000;60;0.4708649383474679;0.00014653903129725564;moderate;positive;statistically significant at p < 0.05;Moderate positive, statistically significant
Monthly;Population_weighted_mean;Population-weighted area exposure;Pearson;Agricultural;NO2;Cardiocirculatory;NO2_population_weighted_mean;Cardiocirculatory_rate_per_10000;60;0.3296892099177428;0.01009959787764126;moderate;positive;statistically significant at p < 0.05;Moderate positive, statistically significant
Monthly;Population_weighted_mean;Population-weighted area exposure;Pearson;Agricultural;PM25;Respiratory;PM25_population_weighted_mean;Respiratory_rate_per_10000;60;0.4997766512186642;4.792014305776177e-05;moderate;positive;statistically significant at p < 0.05;Moderate positive, statistically significant
Monthly;Population_weighted_mean;Population-weighted area exposure;Pearson;Agricultural;PM25;Cardiocirculatory;PM25_population_weighted_mean;Cardiocirculatory_rate_per_10000;60;0.18475332394612817;0.15760068582400702;weak;positive;not statistically significant at p < 0.05;Weak positive, not statistically significant
Monthly;Arithmetic_mean;Arithmetic area mean;Spearman;Overall;NO2;Respiratory;NO2_arithmetic_mean;Respiratory_rate_per_10000;120;0.32214713835324027;0.00033302627581476956;moderate;positive;statistically significant at p < 0.05;Moderate positive, statistically significant
Monthly;Arithmetic_mean;Arithmetic area mean;Spearman;Overall;NO2;Cardiocirculatory;NO2_arithmetic_mean;Cardiocirculatory_rate_per_10000;120;0.4062942745620708;4.137375590319858e-06;moderate;positive;statistically significant at p < 0.05;Moderate positive, statistically significant
Monthly;Arithmetic_mean;Arithmetic area mean;Spearman;Overall;PM25;Respiratory;PM25_arithmetic_mean;Respiratory_rate_per_10000;120;0.4430816671911183;4.024543367838494e-07;moderate;positive;statistically significant at p < 0.05;Moderate positive, statistically significant
Monthly;Arithmetic_mean;Arithmetic area mean;Spearman;Overall;PM25;Cardiocirculatory;PM25_arithmetic_mean;Cardiocirculatory_rate_per_10000;120;0.22906770010821567;0.011849245741792486;weak;positive;statistically significant at p < 0.05;Weak positive, statistically significant
Monthly;Arithmetic_mean;Arithmetic area mean;Spearman;Industrial;NO2;Respiratory;NO2_arithmetic_mean;Respiratory_rate_per_10000;60;0.2762271283503024;0.032647299747590106;weak;positive;statistically significant at p < 0.05;Weak positive, statistically significant
Monthly;Arithmetic_mean;Arithmetic area mean;Spearman;Industrial;NO2;Cardiocirculatory;NO2_arithmetic_mean;Cardiocirculatory_rate_per_10000;60;0.361499347162254;0.00454091162194033;moderate;positive;statistically significant at p < 0.05;Moderate positive, statistically significant
Monthly;Arithmetic_mean;Arithmetic area mean;Spearman;Industrial;PM25;Respiratory;PM25_arithmetic_mean;Respiratory_rate_per_10000;60;0.40907512157460535;0.0011732946467558419;moderate;positive;statistically significant at p < 0.05;Moderate positive, statistically significant
Monthly;Arithmetic_mean;Arithmetic area mean;Spearman;Industrial;PM25;Cardiocirculatory;PM25_arithmetic_mean;Cardiocirculatory_rate_per_10000;60;0.3855622552823548;0.0023477983058466283;moderate;positive;statistically significant at p < 0.05;Moderate positive, statistically significant
Monthly;Arithmetic_mean;Arithmetic area mean;Spearman;Agricultural;NO2;Respiratory;NO2_arithmetic_mean;Respiratory_rate_per_10000;60;0.4079420909749746;0.0012145862111481256;moderate;positive;statistically significant at p < 0.05;Moderate positive, statistically significant
Monthly;Arithmetic_mean;Arithmetic area mean;Spearman;Agricultural;NO2;Cardiocirculatory;NO2_arithmetic_mean;Cardiocirculatory_rate_per_10000;60;0.2714869267776732;0.03588071346514328;weak;positive;statistically significant at p < 0.05;Weak positive, statistically significant
Monthly;Arithmetic_mean;Arithmetic area mean;Spearman;Agricultural;PM25;Respiratory;PM25_arithmetic_mean;Respiratory_rate_per_10000;60;0.44731906256295406;0.00033927018446939025;moderate;positive;statistically significant at p < 0.05;Moderate positive, statistically significant
Monthly;Arithmetic_mean;Arithmetic area mean;Spearman;Agricultural;PM25;Cardiocirculatory;PM25_arithmetic_mean;Cardiocirculatory_rate_per_10000;60;0.1259343656250169;0.33766586477389376;weak;positive;not statistically significant at p < 0.05;Weak positive, not statistically significant
Monthly;Arithmetic_mean;Arithmetic area mean;Pearson;Overall;NO2;Respiratory;NO2_arithmetic_mean;Respiratory_rate_per_10000;120;0.3551609391071869;6.878683674427896e-05;moderate;positive;statistically significant at p < 0.05;Moderate positive, statistically significant
Monthly;Arithmetic_mean;Arithmetic area mean;Pearson;Overall;NO2;Cardiocirculatory;NO2_arithmetic_mean;Cardiocirculatory_rate_per_10000;120;0.41356773052474516;2.666843538195753e-06;moderate;positive;statistically significant at p < 0.05;Moderate positive, statistically significant
Monthly;Arithmetic_mean;Arithmetic area mean;Pearson;Overall;PM25;Respiratory;PM25_arithmetic_mean;Respiratory_rate_per_10000;120;0.47058100164336986;5.841806518900105e-08;moderate;positive;statistically significant at p < 0.05;Moderate positive, statistically significant
Monthly;Arithmetic_mean;Arithmetic area mean;Pearson;Overall;PM25;Cardiocirculatory;PM25_arithmetic_mean;Cardiocirculatory_rate_per_10000;120;0.24398506050581287;0.007243043813771721;weak;positive;statistically significant at p < 0.05;Weak positive, statistically significant
Monthly;Arithmetic_mean;Arithmetic area mean;Pearson;Industrial;NO2;Respiratory;NO2_arithmetic_mean;Respiratory_rate_per_10000;60;0.31159797370552594;0.015370643158923607;moderate;positive;statistically significant at p < 0.05;Moderate positive, statistically significant
Monthly;Arithmetic_mean;Arithmetic area mean;Pearson;Industrial;NO2;Cardiocirculatory;NO2_arithmetic_mean;Cardiocirculatory_rate_per_10000;60;0.35902167428697845;0.004846673665288839;moderate;positive;statistically significant at p < 0.05;Moderate positive, statistically significant
Monthly;Arithmetic_mean;Arithmetic area mean;Pearson;Industrial;PM25;Respiratory;PM25_arithmetic_mean;Respiratory_rate_per_10000;60;0.46129894762818524;0.00020761731525196326;moderate;positive;statistically significant at p < 0.05;Moderate positive, statistically significant
Monthly;Arithmetic_mean;Arithmetic area mean;Pearson;Industrial;PM25;Cardiocirculatory;PM25_arithmetic_mean;Cardiocirculatory_rate_per_10000;60;0.3750390074829411;0.0031519358518790155;moderate;positive;statistically significant at p < 0.05;Moderate positive, statistically significant
Monthly;Arithmetic_mean;Arithmetic area mean;Pearson;Agricultural;NO2;Respiratory;NO2_arithmetic_mean;Respiratory_rate_per_10000;60;0.4725093151350989;0.00013787696274349522;moderate;positive;statistically significant at p < 0.05;Moderate positive, statistically significant
Monthly;Arithmetic_mean;Arithmetic area mean;Pearson;Agricultural;NO2;Cardiocirculatory;NO2_arithmetic_mean;Cardiocirculatory_rate_per_10000;60;0.32873061209486554;0.010333196494660688;moderate;positive;statistically significant at p < 0.05;Moderate positive, statistically significant
Monthly;Arithmetic_mean;Arithmetic area mean;Pearson;Agricultural;PM25;Respiratory;PM25_arithmetic_mean;Respiratory_rate_per_10000;60;0.4991372022340547;4.9173601865857525e-05;moderate;positive;statistically significant at p < 0.05;Moderate positive, statistically significant
Monthly;Arithmetic_mean;Arithmetic area mean;Pearson;Agricultural;PM25;Cardiocirculatory;PM25_arithmetic_mean;Cardiocirculatory_rate_per_10000;60;0.18091983835856376;0.16655293140789218;weak;positive;not statistically significant at p < 0.05;Weak positive, not statistically significant
Seasonal;Population_weighted_mean;Population-weighted area exposure;Spearman;Overall;NO2;Respiratory;NO2_population_weighted_mean;Respiratory_rate_per_10000;36;0.2790218790218791;0.09936041630561791;weak;positive;not statistically significant at p < 0.05;Weak positive, not statistically significant
Seasonal;Population_weighted_mean;Population-weighted area exposure;Spearman;Overall;NO2;Cardiocirculatory;NO2_population_weighted_mean;Cardiocirculatory_rate_per_10000;36;0.5039897039897041;0.0017249189001204734;strong;positive;statistically significant at p < 0.05;Strong positive, statistically significant
Seasonal;Population_weighted_mean;Population-weighted area exposure;Spearman;Overall;PM25;Respiratory;PM25_population_weighted_mean;Respiratory_rate_per_10000;36;0.4525096525096525;0.00558832671399973;moderate;positive;statistically significant at p < 0.05;Moderate positive, statistically significant
Seasonal;Population_weighted_mean;Population-weighted area exposure;Spearman;Overall;PM25;Cardiocirculatory;PM25_population_weighted_mean;Cardiocirculatory_rate_per_10000;36;0.15186615186615188;0.376597242620258;weak;positive;not statistically significant at p < 0.05;Weak positive, not statistically significant
Seasonal;Population_weighted_mean;Population-weighted area exposure;Spearman;Industrial;NO2;Respiratory;NO2_population_weighted_mean;Respiratory_rate_per_10000;18;0.1455108359133127;0.5645405304670835;weak;positive;not statistically significant at p < 0.05;Weak positive, not statistically significant
Seasonal;Population_weighted_mean;Population-weighted area exposure;Spearman;Industrial;NO2;Cardiocirculatory;NO2_population_weighted_mean;Cardiocirculatory_rate_per_10000;18;0.3787409700722394;0.12116422586370856;moderate;positive;not statistically significant at p < 0.05;Moderate positive, not statistically significant
Seasonal;Population_weighted_mean;Population-weighted area exposure;Spearman;Industrial;PM25;Respiratory;PM25_population_weighted_mean;Respiratory_rate_per_10000;18;0.283797729618163;0.25375641790875597;weak;positive;not statistically significant at p < 0.05;Weak positive, not statistically significant
Seasonal;Population_weighted_mean;Population-weighted area exposure;Spearman;Industrial;PM25;Cardiocirculatory;PM25_population_weighted_mean;Cardiocirculatory_rate_per_10000;18;0.4447884416924664;0.06438522410365065;moderate;positive;not statistically significant at p < 0.05;Moderate positive, not statistically significant
Seasonal;Population_weighted_mean;Population-weighted area exposure;Spearman;Agricultural;NO2;Respiratory;NO2_population_weighted_mean;Respiratory_rate_per_10000;18;0.5356037151702786;0.021973121639608066;strong;positive;statistically significant at p < 0.05;Strong positive, statistically significant
Seasonal;Population_weighted_mean;Population-weighted area exposure;Spearman;Agricultural;NO2;Cardiocirculatory;NO2_population_weighted_mean;Cardiocirculatory_rate_per_10000;18;0.1393188854489164;0.5813962095847576;weak;positive;not statistically significant at p < 0.05;Weak positive, not statistically significant
Seasonal;Population_weighted_mean;Population-weighted area exposure;Spearman;Agricultural;PM25;Respiratory;PM25_population_weighted_mean;Respiratory_rate_per_10000;18;0.6099071207430341;0.0071966585949820045;strong;positive;statistically significant at p < 0.05;Strong positive, statistically significant
Seasonal;Population_weighted_mean;Population-weighted area exposure;Spearman;Agricultural;PM25;Cardiocirculatory;PM25_population_weighted_mean;Cardiocirculatory_rate_per_10000;18;0.12899896800825592;0.6099496263278285;weak;positive;not statistically significant at p < 0.05;Weak positive, not statistically significant
Seasonal;Population_weighted_mean;Population-weighted area exposure;Pearson;Overall;NO2;Respiratory;NO2_population_weighted_mean;Respiratory_rate_per_10000;36;0.4206781657753503;0.010625748619372294;moderate;positive;statistically significant at p < 0.05;Moderate positive, statistically significant
Seasonal;Population_weighted_mean;Population-weighted area exposure;Pearson;Overall;NO2;Cardiocirculatory;NO2_population_weighted_mean;Cardiocirculatory_rate_per_10000;36;0.5555179571207672;0.0004363391392584146;strong;positive;statistically significant at p < 0.05;Strong positive, statistically significant
Seasonal;Population_weighted_mean;Population-weighted area exposure;Pearson;Overall;PM25;Respiratory;PM25_population_weighted_mean;Respiratory_rate_per_10000;36;0.5566232932629505;0.00042261501189457483;strong;positive;statistically significant at p < 0.05;Strong positive, statistically significant
Seasonal;Population_weighted_mean;Population-weighted area exposure;Pearson;Overall;PM25;Cardiocirculatory;PM25_population_weighted_mean;Cardiocirculatory_rate_per_10000;36;0.2646861999363953;0.1187503105326077;weak;positive;not statistically significant at p < 0.05;Weak positive, not statistically significant
Seasonal;Population_weighted_mean;Population-weighted area exposure;Pearson;Industrial;NO2;Respiratory;NO2_population_weighted_mean;Respiratory_rate_per_10000;18;0.3809094403778181;0.11887472505483725;moderate;positive;not statistically significant at p < 0.05;Moderate positive, not statistically significant
Seasonal;Population_weighted_mean;Population-weighted area exposure;Pearson;Industrial;NO2;Cardiocirculatory;NO2_population_weighted_mean;Cardiocirculatory_rate_per_10000;18;0.4103796909169652;0.09073026038974094;moderate;positive;not statistically significant at p < 0.05;Moderate positive, not statistically significant
Seasonal;Population_weighted_mean;Population-weighted area exposure;Pearson;Industrial;PM25;Respiratory;PM25_population_weighted_mean;Respiratory_rate_per_10000;18;0.521043449088224;0.026604132721704567;strong;positive;statistically significant at p < 0.05;Strong positive, statistically significant
Seasonal;Population_weighted_mean;Population-weighted area exposure;Pearson;Industrial;PM25;Cardiocirculatory;PM25_population_weighted_mean;Cardiocirculatory_rate_per_10000;18;0.4984271896716023;0.035264199300897414;moderate;positive;statistically significant at p < 0.05;Moderate positive, statistically significant
Seasonal;Population_weighted_mean;Population-weighted area exposure;Pearson;Agricultural;NO2;Respiratory;NO2_population_weighted_mean;Respiratory_rate_per_10000;18;0.595429595090541;0.009130307844146085;strong;positive;statistically significant at p < 0.05;Strong positive, statistically significant
Seasonal;Population_weighted_mean;Population-weighted area exposure;Pearson;Agricultural;NO2;Cardiocirculatory;NO2_population_weighted_mean;Cardiocirculatory_rate_per_10000;18;0.42959144574044034;0.07520557166915823;moderate;positive;not statistically significant at p < 0.05;Moderate positive, not statistically significant
Seasonal;Population_weighted_mean;Population-weighted area exposure;Pearson;Agricultural;PM25;Respiratory;PM25_population_weighted_mean;Respiratory_rate_per_10000;18;0.6139766606182375;0.006717445808291622;strong;positive;statistically significant at p < 0.05;Strong positive, statistically significant
Seasonal;Population_weighted_mean;Population-weighted area exposure;Pearson;Agricultural;PM25;Cardiocirculatory;PM25_population_weighted_mean;Cardiocirculatory_rate_per_10000;18;0.1926276911038024;0.4437992071057738;weak;positive;not statistically significant at p < 0.05;Weak positive, not statistically significant
Seasonal;Arithmetic_mean;Arithmetic area mean;Spearman;Overall;NO2;Respiratory;NO2_arithmetic_mean;Respiratory_rate_per_10000;36;0.2628056628056628;0.12149043907766066;weak;positive;not statistically significant at p < 0.05;Weak positive, not statistically significant
Seasonal;Arithmetic_mean;Arithmetic area mean;Spearman;Overall;NO2;Cardiocirculatory;NO2_arithmetic_mean;Cardiocirculatory_rate_per_10000;36;0.4808236808236809;0.0029934597131660284;moderate;positive;statistically significant at p < 0.05;Moderate positive, statistically significant
Seasonal;Arithmetic_mean;Arithmetic area mean;Spearman;Overall;PM25;Respiratory;PM25_arithmetic_mean;Respiratory_rate_per_10000;36;0.44633204633204643;0.006360505103886906;moderate;positive;statistically significant at p < 0.05;Moderate positive, statistically significant
Seasonal;Arithmetic_mean;Arithmetic area mean;Spearman;Overall;PM25;Cardiocirculatory;PM25_arithmetic_mean;Cardiocirculatory_rate_per_10000;36;0.155984555984556;0.36363753485585343;weak;positive;not statistically significant at p < 0.05;Weak positive, not statistically significant
Seasonal;Arithmetic_mean;Arithmetic area mean;Spearman;Industrial;NO2;Respiratory;NO2_arithmetic_mean;Respiratory_rate_per_10000;18;0.1455108359133127;0.5645405304670835;weak;positive;not statistically significant at p < 0.05;Weak positive, not statistically significant
Seasonal;Arithmetic_mean;Arithmetic area mean;Spearman;Industrial;NO2;Cardiocirculatory;NO2_arithmetic_mean;Cardiocirculatory_rate_per_10000;18;0.3787409700722394;0.12116422586370856;moderate;positive;not statistically significant at p < 0.05;Moderate positive, not statistically significant
Seasonal;Arithmetic_mean;Arithmetic area mean;Spearman;Industrial;PM25;Respiratory;PM25_arithmetic_mean;Respiratory_rate_per_10000;18;0.2693498452012384;0.27976422005657137;weak;positive;not statistically significant at p < 0.05;Weak positive, not statistically significant
Seasonal;Arithmetic_mean;Arithmetic area mean;Spearman;Industrial;PM25;Cardiocirculatory;PM25_arithmetic_mean;Cardiocirculatory_rate_per_10000;18;0.4303405572755417;0.07464277608599117;moderate;positive;not statistically significant at p < 0.05;Moderate positive, not statistically significant
Seasonal;Arithmetic_mean;Arithmetic area mean;Spearman;Agricultural;NO2;Respiratory;NO2_arithmetic_mean;Respiratory_rate_per_10000;18;0.5170278637770898;0.02800614736378717;strong;positive;statistically significant at p < 0.05;Strong positive, statistically significant
Seasonal;Arithmetic_mean;Arithmetic area mean;Spearman;Agricultural;NO2;Cardiocirculatory;NO2_arithmetic_mean;Cardiocirculatory_rate_per_10000;18;0.1455108359133127;0.5645405304670835;weak;positive;not statistically significant at p < 0.05;Weak positive, not statistically significant
Seasonal;Arithmetic_mean;Arithmetic area mean;Spearman;Agricultural;PM25;Respiratory;PM25_arithmetic_mean;Respiratory_rate_per_10000;18;0.6160990712074303;0.0064779683582406496;strong;positive;statistically significant at p < 0.05;Strong positive, statistically significant
Seasonal;Arithmetic_mean;Arithmetic area mean;Spearman;Agricultural;PM25;Cardiocirculatory;PM25_arithmetic_mean;Cardiocirculatory_rate_per_10000;18;0.11455108359133126;0.6508342238705321;weak;positive;not statistically significant at p < 0.05;Weak positive, not statistically significant
Seasonal;Arithmetic_mean;Arithmetic area mean;Pearson;Overall;NO2;Respiratory;NO2_arithmetic_mean;Respiratory_rate_per_10000;36;0.4180577735584013;0.01117379188454998;moderate;positive;statistically significant at p < 0.05;Moderate positive, statistically significant
Seasonal;Arithmetic_mean;Arithmetic area mean;Pearson;Overall;NO2;Cardiocirculatory;NO2_arithmetic_mean;Cardiocirculatory_rate_per_10000;36;0.5254863758505408;0.0009980777003659126;strong;positive;statistically significant at p < 0.05;Strong positive, statistically significant
Seasonal;Arithmetic_mean;Arithmetic area mean;Pearson;Overall;PM25;Respiratory;PM25_arithmetic_mean;Respiratory_rate_per_10000;36;0.5466578181874557;0.0005615030896601095;strong;positive;statistically significant at p < 0.05;Strong positive, statistically significant
Seasonal;Arithmetic_mean;Arithmetic area mean;Pearson;Overall;PM25;Cardiocirculatory;PM25_arithmetic_mean;Cardiocirculatory_rate_per_10000;36;0.2803526386528166;0.09769091385946414;weak;positive;not statistically significant at p < 0.05;Weak positive, not statistically significant
Seasonal;Arithmetic_mean;Arithmetic area mean;Pearson;Industrial;NO2;Respiratory;NO2_arithmetic_mean;Respiratory_rate_per_10000;18;0.3637207495241726;0.13788161040245553;moderate;positive;not statistically significant at p < 0.05;Moderate positive, not statistically significant
Seasonal;Arithmetic_mean;Arithmetic area mean;Pearson;Industrial;NO2;Cardiocirculatory;NO2_arithmetic_mean;Cardiocirculatory_rate_per_10000;18;0.3984053447216208;0.10151151782923576;moderate;positive;not statistically significant at p < 0.05;Moderate positive, not statistically significant
Seasonal;Arithmetic_mean;Arithmetic area mean;Pearson;Industrial;PM25;Respiratory;PM25_arithmetic_mean;Respiratory_rate_per_10000;18;0.5089519189147913;0.03099912609027487;strong;positive;statistically significant at p < 0.05;Strong positive, statistically significant
Seasonal;Arithmetic_mean;Arithmetic area mean;Pearson;Industrial;PM25;Cardiocirculatory;PM25_arithmetic_mean;Cardiocirculatory_rate_per_10000;18;0.4947986492889585;0.03683472269516762;moderate;positive;statistically significant at p < 0.05;Moderate positive, statistically significant
Seasonal;Arithmetic_mean;Arithmetic area mean;Pearson;Agricultural;NO2;Respiratory;NO2_arithmetic_mean;Respiratory_rate_per_10000;18;0.598345156488966;0.008710679833885343;strong;positive;statistically significant at p < 0.05;Strong positive, statistically significant
Seasonal;Arithmetic_mean;Arithmetic area mean;Pearson;Agricultural;NO2;Cardiocirculatory;NO2_arithmetic_mean;Cardiocirculatory_rate_per_10000;18;0.427566288964131;0.07674267493765818;moderate;positive;not statistically significant at p < 0.05;Moderate positive, not statistically significant
Seasonal;Arithmetic_mean;Arithmetic area mean;Pearson;Agricultural;PM25;Respiratory;PM25_arithmetic_mean;Respiratory_rate_per_10000;18;0.6128630087736915;0.006845938934802164;strong;positive;statistically significant at p < 0.05;Strong positive, statistically significant
Seasonal;Arithmetic_mean;Arithmetic area mean;Pearson;Agricultural;PM25;Cardiocirculatory;PM25_arithmetic_mean;Cardiocirculatory_rate_per_10000;18;0.18290959942116547;0.46754938776564836;weak;positive;not statistically significant at p < 0.05;Weak positive, not statistically significant
