Temporal_scale;Lag_unit;Group;Pollutant;Pollutant_label;Outcome;Outcome_label;Lag;N;Spearman_rho;p_value;Interpretation
Monthly;months;Overall;NO2_population_weighted_mean;Population-weighted NO2;Respiratory_rate_per_10000;Respiratory acute event rate;0;120;0.37253015905354386;2.789638988029301e-05;"weak positive association; statistically significant at p < 0.05"
Monthly;months;Overall;NO2_population_weighted_mean;Population-weighted NO2;Respiratory_rate_per_10000;Respiratory acute event rate;1;116;0.3329835002654184;0.00025989867280040957;"weak positive association; statistically significant at p < 0.05"
Monthly;months;Overall;NO2_population_weighted_mean;Population-weighted NO2;Respiratory_rate_per_10000;Respiratory acute event rate;2;112;0.1754409943770041;0.06427869936722447;"very weak positive association; not statistically significant"
Monthly;months;Overall;NO2_population_weighted_mean;Population-weighted NO2;Respiratory_rate_per_10000;Respiratory acute event rate;3;108;0.023936721320471498;0.8057609253071416;"very weak positive association; not statistically significant"
Monthly;months;Overall;NO2_population_weighted_mean;Population-weighted NO2;Cardiocirculatory_rate_per_10000;Cardiocirculatory acute event rate;0;120;0.4309664694695818;8.938431903914261e-07;"moderate positive association; statistically significant at p < 0.05"
Monthly;months;Overall;NO2_population_weighted_mean;Population-weighted NO2;Cardiocirculatory_rate_per_10000;Cardiocirculatory acute event rate;1;116;0.33301553866296213;0.00025952140066034065;"weak positive association; statistically significant at p < 0.05"
Monthly;months;Overall;NO2_population_weighted_mean;Population-weighted NO2;Cardiocirculatory_rate_per_10000;Cardiocirculatory acute event rate;2;112;0.2078092366475211;0.027903879587055636;"weak positive association; statistically significant at p < 0.05"
Monthly;months;Overall;NO2_population_weighted_mean;Population-weighted NO2;Cardiocirculatory_rate_per_10000;Cardiocirculatory acute event rate;3;108;0.1358351077397417;0.16099896050321252;"very weak positive association; not statistically significant"
Monthly;months;Overall;PM25_population_weighted_mean;Population-weighted PM2.5;Respiratory_rate_per_10000;Respiratory acute event rate;0;120;0.4500059034083907;2.515052023456657e-07;"moderate positive association; statistically significant at p < 0.05"
Monthly;months;Overall;PM25_population_weighted_mean;Population-weighted PM2.5;Respiratory_rate_per_10000;Respiratory acute event rate;1;116;0.4127377713266001;4.141371773464242e-06;"moderate positive association; statistically significant at p < 0.05"
Monthly;months;Overall;PM25_population_weighted_mean;Population-weighted PM2.5;Respiratory_rate_per_10000;Respiratory acute event rate;2;112;0.2999743733099652;0.001311942361491012;"weak positive association; statistically significant at p < 0.05"
Monthly;months;Overall;PM25_population_weighted_mean;Population-weighted PM2.5;Respiratory_rate_per_10000;Respiratory acute event rate;3;108;0.0557284980553624;0.5667435936958793;"very weak positive association; not statistically significant"
Monthly;months;Overall;PM25_population_weighted_mean;Population-weighted PM2.5;Cardiocirculatory_rate_per_10000;Cardiocirculatory acute event rate;0;120;0.21832027671078474;0.016596865540501844;"weak positive association; statistically significant at p < 0.05"
Monthly;months;Overall;PM25_population_weighted_mean;Population-weighted PM2.5;Cardiocirculatory_rate_per_10000;Cardiocirculatory acute event rate;1;116;0.1199418743366243;0.1996817568751822;"very weak positive association; not statistically significant"
Monthly;months;Overall;PM25_population_weighted_mean;Population-weighted PM2.5;Cardiocirculatory_rate_per_10000;Cardiocirculatory acute event rate;2;112;0.06521079899567057;0.49453626591580735;"very weak positive association; not statistically significant"
Monthly;months;Overall;PM25_population_weighted_mean;Population-weighted PM2.5;Cardiocirculatory_rate_per_10000;Cardiocirculatory acute event rate;3;108;-0.008383707028403188;0.9313760094900082;"very weak negative association; not statistically significant"
Monthly;months;Industrial;NO2_population_weighted_mean;Population-weighted NO2;Respiratory_rate_per_10000;Respiratory acute event rate;0;60;0.3070981010489429;0.016999531174566613;"weak positive association; statistically significant at p < 0.05"
Monthly;months;Industrial;NO2_population_weighted_mean;Population-weighted NO2;Respiratory_rate_per_10000;Respiratory acute event rate;1;58;0.26812274119138757;0.04185725958074236;"weak positive association; statistically significant at p < 0.05"
Monthly;months;Industrial;NO2_population_weighted_mean;Population-weighted NO2;Respiratory_rate_per_10000;Respiratory acute event rate;2;56;0.08739340715895583;0.5218676219751696;"very weak positive association; not statistically significant"
Monthly;months;Industrial;NO2_population_weighted_mean;Population-weighted NO2;Respiratory_rate_per_10000;Respiratory acute event rate;3;54;-0.06243924762908688;0.6537672539385958;"very weak negative association; not statistically significant"
Monthly;months;Industrial;NO2_population_weighted_mean;Population-weighted NO2;Cardiocirculatory_rate_per_10000;Cardiocirculatory acute event rate;0;60;0.3800050016749413;0.002746191808838317;"weak positive association; statistically significant at p < 0.05"
Monthly;months;Industrial;NO2_population_weighted_mean;Population-weighted NO2;Cardiocirculatory_rate_per_10000;Cardiocirculatory acute event rate;1;58;0.32733481004782455;0.01213623723518191;"weak positive association; statistically significant at p < 0.05"
Monthly;months;Industrial;NO2_population_weighted_mean;Population-weighted NO2;Cardiocirculatory_rate_per_10000;Cardiocirculatory acute event rate;2;56;0.1279606275739666;0.3472978330074692;"very weak positive association; not statistically significant"
Monthly;months;Industrial;NO2_population_weighted_mean;Population-weighted NO2;Cardiocirculatory_rate_per_10000;Cardiocirculatory acute event rate;3;54;0.03849965696172044;0.7822438099432868;"very weak positive association; not statistically significant"
Monthly;months;Industrial;PM25_population_weighted_mean;Population-weighted PM2.5;Respiratory_rate_per_10000;Respiratory acute event rate;0;60;0.43016519203209247;0.0006026513637952422;"moderate positive association; statistically significant at p < 0.05"
Monthly;months;Industrial;PM25_population_weighted_mean;Population-weighted PM2.5;Respiratory_rate_per_10000;Respiratory acute event rate;1;58;0.38058909522944545;0.0032069938646830222;"weak positive association; statistically significant at p < 0.05"
Monthly;months;Industrial;PM25_population_weighted_mean;Population-weighted PM2.5;Respiratory_rate_per_10000;Respiratory acute event rate;2;56;0.27404002291768;0.04097512599904408;"weak positive association; statistically significant at p < 0.05"
Monthly;months;Industrial;PM25_population_weighted_mean;Population-weighted PM2.5;Respiratory_rate_per_10000;Respiratory acute event rate;3;54;0.037966722001569315;0.7851858272828441;"very weak positive association; not statistically significant"
Monthly;months;Industrial;PM25_population_weighted_mean;Population-weighted PM2.5;Cardiocirculatory_rate_per_10000;Cardiocirculatory acute event rate;0;60;0.3853677514060954;0.0023608207312718495;"weak positive association; statistically significant at p < 0.05"
Monthly;months;Industrial;PM25_population_weighted_mean;Population-weighted PM2.5;Cardiocirculatory_rate_per_10000;Cardiocirculatory acute event rate;1;58;0.3217054265088008;0.013795250318001169;"weak positive association; statistically significant at p < 0.05"
Monthly;months;Industrial;PM25_population_weighted_mean;Population-weighted PM2.5;Cardiocirculatory_rate_per_10000;Cardiocirculatory acute event rate;2;56;0.17604839546834986;0.19433007958677795;"very weak positive association; not statistically significant"
Monthly;months;Industrial;PM25_population_weighted_mean;Population-weighted PM2.5;Cardiocirculatory_rate_per_10000;Cardiocirculatory acute event rate;3;54;0.034535335848830416;0.8041981887697988;"very weak positive association; not statistically significant"
Monthly;months;Agricultural;NO2_population_weighted_mean;Population-weighted NO2;Respiratory_rate_per_10000;Respiratory acute event rate;0;60;0.46471495826801773;0.0001835443502391615;"moderate positive association; statistically significant at p < 0.05"
Monthly;months;Agricultural;NO2_population_weighted_mean;Population-weighted NO2;Respiratory_rate_per_10000;Respiratory acute event rate;1;58;0.3924072089167043;0.002314107237969575;"weak positive association; statistically significant at p < 0.05"
Monthly;months;Agricultural;NO2_population_weighted_mean;Population-weighted NO2;Respiratory_rate_per_10000;Respiratory acute event rate;2;56;0.2849378783002786;0.03329326565301959;"weak positive association; statistically significant at p < 0.05"
Monthly;months;Agricultural;NO2_population_weighted_mean;Population-weighted NO2;Respiratory_rate_per_10000;Respiratory acute event rate;3;54;0.1015973478321615;0.4647727664390542;"very weak positive association; not statistically significant"
Monthly;months;Agricultural;NO2_population_weighted_mean;Population-weighted NO2;Cardiocirculatory_rate_per_10000;Cardiocirculatory acute event rate;0;60;0.27748909424788587;0.03182866844468037;"weak positive association; statistically significant at p < 0.05"
Monthly;months;Agricultural;NO2_population_weighted_mean;Population-weighted NO2;Cardiocirculatory_rate_per_10000;Cardiocirculatory acute event rate;1;58;0.08466129366025255;0.5274773638315994;"very weak positive association; not statistically significant"
Monthly;months;Agricultural;NO2_population_weighted_mean;Population-weighted NO2;Cardiocirculatory_rate_per_10000;Cardiocirculatory acute event rate;2;56;0.04532093796903481;0.740136945897843;"very weak positive association; not statistically significant"
Monthly;months;Agricultural;NO2_population_weighted_mean;Population-weighted NO2;Cardiocirculatory_rate_per_10000;Cardiocirculatory acute event rate;3;54;-0.012541455455196077;0.9282812230774293;"very weak negative association; not statistically significant"
Monthly;months;Agricultural;PM25_population_weighted_mean;Population-weighted PM2.5;Respiratory_rate_per_10000;Respiratory acute event rate;0;60;0.43170166098748164;0.00057312232122156;"moderate positive association; statistically significant at p < 0.05"
Monthly;months;Agricultural;PM25_population_weighted_mean;Population-weighted PM2.5;Respiratory_rate_per_10000;Respiratory acute event rate;1;58;0.42357212484242923;0.0009227911351709991;"moderate positive association; statistically significant at p < 0.05"
Monthly;months;Agricultural;PM25_population_weighted_mean;Population-weighted PM2.5;Respiratory_rate_per_10000;Respiratory acute event rate;2;56;0.3248278139980264;0.014581866573048914;"weak positive association; statistically significant at p < 0.05"
Monthly;months;Agricultural;PM25_population_weighted_mean;Population-weighted PM2.5;Respiratory_rate_per_10000;Respiratory acute event rate;3;54;0.08299340571505276;0.5507511712868546;"very weak positive association; not statistically significant"
Monthly;months;Agricultural;PM25_population_weighted_mean;Population-weighted PM2.5;Cardiocirculatory_rate_per_10000;Cardiocirculatory acute event rate;0;60;0.12618445593627578;0.336699615768896;"very weak positive association; not statistically significant"
Monthly;months;Agricultural;PM25_population_weighted_mean;Population-weighted PM2.5;Cardiocirculatory_rate_per_10000;Cardiocirculatory acute event rate;1;58;0.01759675144391877;0.8956917155433175;"very weak positive association; not statistically significant"
Monthly;months;Agricultural;PM25_population_weighted_mean;Population-weighted PM2.5;Cardiocirculatory_rate_per_10000;Cardiocirculatory acute event rate;2;56;0.011518217266640068;0.9328551732504432;"very weak positive association; not statistically significant"
Monthly;months;Agricultural;PM25_population_weighted_mean;Population-weighted PM2.5;Cardiocirculatory_rate_per_10000;Cardiocirculatory acute event rate;3;54;-0.010597339260013706;0.9393760201203383;"very weak negative association; not statistically significant"
Weekly;weeks;Overall;NO2_population_weighted_mean;Population-weighted NO2;Respiratory_rate_per_10000;Respiratory acute event rate;0;522;0.24881204670722037;8.316375722139002e-09;"weak positive association; statistically significant at p < 0.05"
Weekly;weeks;Overall;NO2_population_weighted_mean;Population-weighted NO2;Respiratory_rate_per_10000;Respiratory acute event rate;1;518;0.26767363303635894;5.987845495238207e-10;"weak positive association; statistically significant at p < 0.05"
Weekly;weeks;Overall;NO2_population_weighted_mean;Population-weighted NO2;Respiratory_rate_per_10000;Respiratory acute event rate;2;514;0.2591084584427476;2.4884210823770088e-09;"weak positive association; statistically significant at p < 0.05"
Weekly;weeks;Overall;NO2_population_weighted_mean;Population-weighted NO2;Respiratory_rate_per_10000;Respiratory acute event rate;3;510;0.23944936008584639;4.397606911011331e-08;"weak positive association; statistically significant at p < 0.05"
Weekly;weeks;Overall;NO2_population_weighted_mean;Population-weighted NO2;Respiratory_rate_per_10000;Respiratory acute event rate;4;506;0.2296963101492745;1.7498358032603996e-07;"weak positive association; statistically significant at p < 0.05"
Weekly;weeks;Overall;NO2_population_weighted_mean;Population-weighted NO2;Cardiocirculatory_rate_per_10000;Cardiocirculatory acute event rate;0;522;0.2879471095891459;2.0059923150591365e-11;"weak positive association; statistically significant at p < 0.05"
Weekly;weeks;Overall;NO2_population_weighted_mean;Population-weighted NO2;Cardiocirculatory_rate_per_10000;Cardiocirculatory acute event rate;1;518;0.29578382680291804;6.421430830817048e-12;"weak positive association; statistically significant at p < 0.05"
Weekly;weeks;Overall;NO2_population_weighted_mean;Population-weighted NO2;Cardiocirculatory_rate_per_10000;Cardiocirculatory acute event rate;2;514;0.2958830505721054;7.611811536102426e-12;"weak positive association; statistically significant at p < 0.05"
Weekly;weeks;Overall;NO2_population_weighted_mean;Population-weighted NO2;Cardiocirculatory_rate_per_10000;Cardiocirculatory acute event rate;3;510;0.2580068141703213;3.3651622229356172e-09;"weak positive association; statistically significant at p < 0.05"
Weekly;weeks;Overall;NO2_population_weighted_mean;Population-weighted NO2;Cardiocirculatory_rate_per_10000;Cardiocirculatory acute event rate;4;506;0.25324420242645757;7.607520980902103e-09;"weak positive association; statistically significant at p < 0.05"
Weekly;weeks;Overall;PM25_population_weighted_mean;Population-weighted PM2.5;Respiratory_rate_per_10000;Respiratory acute event rate;0;522;0.2969106072274846;4.387724134945261e-12;"weak positive association; statistically significant at p < 0.05"
Weekly;weeks;Overall;PM25_population_weighted_mean;Population-weighted PM2.5;Respiratory_rate_per_10000;Respiratory acute event rate;1;518;0.3305953206399914;1.1248279051494093e-14;"weak positive association; statistically significant at p < 0.05"
Weekly;weeks;Overall;PM25_population_weighted_mean;Population-weighted PM2.5;Respiratory_rate_per_10000;Respiratory acute event rate;2;514;0.27745246350585995;1.5429923794355977e-10;"weak positive association; statistically significant at p < 0.05"
Weekly;weeks;Overall;PM25_population_weighted_mean;Population-weighted PM2.5;Respiratory_rate_per_10000;Respiratory acute event rate;3;510;0.2503664299195147;9.941020314572132e-09;"weak positive association; statistically significant at p < 0.05"
Weekly;weeks;Overall;PM25_population_weighted_mean;Population-weighted PM2.5;Respiratory_rate_per_10000;Respiratory acute event rate;4;506;0.2661296087718929;1.1895477471001327e-09;"weak positive association; statistically significant at p < 0.05"
Weekly;weeks;Overall;PM25_population_weighted_mean;Population-weighted PM2.5;Cardiocirculatory_rate_per_10000;Cardiocirculatory acute event rate;0;522;0.17905680517132588;3.880890114322016e-05;"very weak positive association; statistically significant at p < 0.05"
Weekly;weeks;Overall;PM25_population_weighted_mean;Population-weighted PM2.5;Cardiocirculatory_rate_per_10000;Cardiocirculatory acute event rate;1;518;0.18541179890432938;2.1705644457510777e-05;"very weak positive association; statistically significant at p < 0.05"
Weekly;weeks;Overall;PM25_population_weighted_mean;Population-weighted PM2.5;Cardiocirculatory_rate_per_10000;Cardiocirculatory acute event rate;2;514;0.13534402278062438;0.0021039557623284966;"very weak positive association; statistically significant at p < 0.05"
Weekly;weeks;Overall;PM25_population_weighted_mean;Population-weighted PM2.5;Cardiocirculatory_rate_per_10000;Cardiocirculatory acute event rate;3;510;0.11727219369181652;0.00802458462809838;"very weak positive association; statistically significant at p < 0.05"
Weekly;weeks;Overall;PM25_population_weighted_mean;Population-weighted PM2.5;Cardiocirculatory_rate_per_10000;Cardiocirculatory acute event rate;4;506;0.1279616311909283;0.003936972991481869;"very weak positive association; statistically significant at p < 0.05"
Weekly;weeks;Industrial;NO2_population_weighted_mean;Population-weighted NO2;Respiratory_rate_per_10000;Respiratory acute event rate;0;261;0.19788799800282939;0.0013114136866295776;"very weak positive association; statistically significant at p < 0.05"
Weekly;weeks;Industrial;NO2_population_weighted_mean;Population-weighted NO2;Respiratory_rate_per_10000;Respiratory acute event rate;1;259;0.2396208006464496;9.837389303695136e-05;"weak positive association; statistically significant at p < 0.05"
Weekly;weeks;Industrial;NO2_population_weighted_mean;Population-weighted NO2;Respiratory_rate_per_10000;Respiratory acute event rate;2;257;0.24899302858155964;5.438192531162087e-05;"weak positive association; statistically significant at p < 0.05"
Weekly;weeks;Industrial;NO2_population_weighted_mean;Population-weighted NO2;Respiratory_rate_per_10000;Respiratory acute event rate;3;255;0.2165925394675004;0.000495549827139866;"weak positive association; statistically significant at p < 0.05"
Weekly;weeks;Industrial;NO2_population_weighted_mean;Population-weighted NO2;Respiratory_rate_per_10000;Respiratory acute event rate;4;253;0.19675054701741626;0.0016619621050502967;"very weak positive association; statistically significant at p < 0.05"
Weekly;weeks;Industrial;NO2_population_weighted_mean;Population-weighted NO2;Cardiocirculatory_rate_per_10000;Cardiocirculatory acute event rate;0;261;0.3192725718724775;1.3504213510926139e-07;"weak positive association; statistically significant at p < 0.05"
Weekly;weeks;Industrial;NO2_population_weighted_mean;Population-weighted NO2;Cardiocirculatory_rate_per_10000;Cardiocirculatory acute event rate;1;259;0.3204058639075219;1.3559330138891115e-07;"weak positive association; statistically significant at p < 0.05"
Weekly;weeks;Industrial;NO2_population_weighted_mean;Population-weighted NO2;Cardiocirculatory_rate_per_10000;Cardiocirculatory acute event rate;2;257;0.3360777183331202;3.333549062006896e-08;"weak positive association; statistically significant at p < 0.05"
Weekly;weeks;Industrial;NO2_population_weighted_mean;Population-weighted NO2;Cardiocirculatory_rate_per_10000;Cardiocirculatory acute event rate;3;255;0.3048782982032962;6.931855720009176e-07;"weak positive association; statistically significant at p < 0.05"
Weekly;weeks;Industrial;NO2_population_weighted_mean;Population-weighted NO2;Cardiocirculatory_rate_per_10000;Cardiocirculatory acute event rate;4;253;0.26209294435907143;2.4188415709357023e-05;"weak positive association; statistically significant at p < 0.05"
Weekly;weeks;Industrial;PM25_population_weighted_mean;Population-weighted PM2.5;Respiratory_rate_per_10000;Respiratory acute event rate;0;261;0.3224546209101915;9.963545218409322e-08;"weak positive association; statistically significant at p < 0.05"
Weekly;weeks;Industrial;PM25_population_weighted_mean;Population-weighted PM2.5;Respiratory_rate_per_10000;Respiratory acute event rate;1;259;0.36423388130444645;1.5196722903854156e-09;"weak positive association; statistically significant at p < 0.05"
Weekly;weeks;Industrial;PM25_population_weighted_mean;Population-weighted PM2.5;Respiratory_rate_per_10000;Respiratory acute event rate;2;257;0.3081566088910225;4.674591279298964e-07;"weak positive association; statistically significant at p < 0.05"
Weekly;weeks;Industrial;PM25_population_weighted_mean;Population-weighted PM2.5;Respiratory_rate_per_10000;Respiratory acute event rate;3;255;0.2955313419934135;1.5568186370902122e-06;"weak positive association; statistically significant at p < 0.05"
Weekly;weeks;Industrial;PM25_population_weighted_mean;Population-weighted PM2.5;Respiratory_rate_per_10000;Respiratory acute event rate;4;253;0.28248063851453337;5.0146179338301016e-06;"weak positive association; statistically significant at p < 0.05"
Weekly;weeks;Industrial;PM25_population_weighted_mean;Population-weighted PM2.5;Cardiocirculatory_rate_per_10000;Cardiocirculatory acute event rate;0;261;0.3082636848787762;3.764214081674193e-07;"weak positive association; statistically significant at p < 0.05"
Weekly;weeks;Industrial;PM25_population_weighted_mean;Population-weighted PM2.5;Cardiocirculatory_rate_per_10000;Cardiocirculatory acute event rate;1;259;0.3402010498057483;1.943392356808106e-08;"weak positive association; statistically significant at p < 0.05"
Weekly;weeks;Industrial;PM25_population_weighted_mean;Population-weighted PM2.5;Cardiocirculatory_rate_per_10000;Cardiocirculatory acute event rate;2;257;0.35357831970145126;5.540529222884004e-09;"weak positive association; statistically significant at p < 0.05"
Weekly;weeks;Industrial;PM25_population_weighted_mean;Population-weighted PM2.5;Cardiocirculatory_rate_per_10000;Cardiocirculatory acute event rate;3;255;0.28589227219808516;3.4821562800527144e-06;"weak positive association; statistically significant at p < 0.05"
Weekly;weeks;Industrial;PM25_population_weighted_mean;Population-weighted PM2.5;Cardiocirculatory_rate_per_10000;Cardiocirculatory acute event rate;4;253;0.25331727524653164;4.582025660834866e-05;"weak positive association; statistically significant at p < 0.05"
Weekly;weeks;Agricultural;NO2_population_weighted_mean;Population-weighted NO2;Respiratory_rate_per_10000;Respiratory acute event rate;0;261;0.29625361075371404;1.0992711938433037e-06;"weak positive association; statistically significant at p < 0.05"
Weekly;weeks;Agricultural;NO2_population_weighted_mean;Population-weighted NO2;Respiratory_rate_per_10000;Respiratory acute event rate;1;259;0.30416138394982534;6.035837378506321e-07;"weak positive association; statistically significant at p < 0.05"
Weekly;weeks;Agricultural;NO2_population_weighted_mean;Population-weighted NO2;Respiratory_rate_per_10000;Respiratory acute event rate;2;257;0.2722362489897689;9.55965790560963e-06;"weak positive association; statistically significant at p < 0.05"
Weekly;weeks;Agricultural;NO2_population_weighted_mean;Population-weighted NO2;Respiratory_rate_per_10000;Respiratory acute event rate;3;255;0.2741283771509117;8.939860251130445e-06;"weak positive association; statistically significant at p < 0.05"
Weekly;weeks;Agricultural;NO2_population_weighted_mean;Population-weighted NO2;Respiratory_rate_per_10000;Respiratory acute event rate;4;253;0.2495139657897043;6.0012974822947645e-05;"weak positive association; statistically significant at p < 0.05"
Weekly;weeks;Agricultural;NO2_population_weighted_mean;Population-weighted NO2;Cardiocirculatory_rate_per_10000;Cardiocirculatory acute event rate;0;261;0.12489792493892296;0.04379962067682935;"very weak positive association; statistically significant at p < 0.05"
Weekly;weeks;Agricultural;NO2_population_weighted_mean;Population-weighted NO2;Cardiocirculatory_rate_per_10000;Cardiocirculatory acute event rate;1;259;0.13643733097682187;0.02813445238053701;"very weak positive association; statistically significant at p < 0.05"
Weekly;weeks;Agricultural;NO2_population_weighted_mean;Population-weighted NO2;Cardiocirculatory_rate_per_10000;Cardiocirculatory acute event rate;2;257;0.12202224269691009;0.05070866255344713;"very weak positive association; not statistically significant"
Weekly;weeks;Agricultural;NO2_population_weighted_mean;Population-weighted NO2;Cardiocirculatory_rate_per_10000;Cardiocirculatory acute event rate;3;255;0.08054465890722041;0.19985678306008783;"very weak positive association; not statistically significant"
Weekly;weeks;Agricultural;NO2_population_weighted_mean;Population-weighted NO2;Cardiocirculatory_rate_per_10000;Cardiocirculatory acute event rate;4;253;0.11023181547897287;0.08011854798746339;"very weak positive association; not statistically significant"
Weekly;weeks;Agricultural;PM25_population_weighted_mean;Population-weighted PM2.5;Respiratory_rate_per_10000;Respiratory acute event rate;0;261;0.2757234014349594;6.154588356376468e-06;"weak positive association; statistically significant at p < 0.05"
Weekly;weeks;Agricultural;PM25_population_weighted_mean;Population-weighted PM2.5;Respiratory_rate_per_10000;Respiratory acute event rate;1;259;0.2946184618535282;1.3927238928407644e-06;"weak positive association; statistically significant at p < 0.05"
Weekly;weeks;Agricultural;PM25_population_weighted_mean;Population-weighted PM2.5;Respiratory_rate_per_10000;Respiratory acute event rate;2;257;0.24737101683046106;6.102626155274819e-05;"weak positive association; statistically significant at p < 0.05"
Weekly;weeks;Agricultural;PM25_population_weighted_mean;Population-weighted PM2.5;Respiratory_rate_per_10000;Respiratory acute event rate;3;255;0.2067016684119219;0.0008986419885751993;"weak positive association; statistically significant at p < 0.05"
Weekly;weeks;Agricultural;PM25_population_weighted_mean;Population-weighted PM2.5;Respiratory_rate_per_10000;Respiratory acute event rate;4;253;0.23482078147781696;0.00016364177436346754;"weak positive association; statistically significant at p < 0.05"
Weekly;weeks;Agricultural;PM25_population_weighted_mean;Population-weighted PM2.5;Cardiocirculatory_rate_per_10000;Cardiocirculatory acute event rate;0;261;0.11826009852947736;0.056380761176861346;"very weak positive association; not statistically significant"
Weekly;weeks;Agricultural;PM25_population_weighted_mean;Population-weighted PM2.5;Cardiocirculatory_rate_per_10000;Cardiocirculatory acute event rate;1;259;0.10848215687448376;0.08141111180068136;"very weak positive association; not statistically significant"
Weekly;weeks;Agricultural;PM25_population_weighted_mean;Population-weighted PM2.5;Cardiocirculatory_rate_per_10000;Cardiocirculatory acute event rate;2;257;-0.005875798369674223;0.9253174098179715;"very weak negative association; not statistically significant"
Weekly;weeks;Agricultural;PM25_population_weighted_mean;Population-weighted PM2.5;Cardiocirculatory_rate_per_10000;Cardiocirculatory acute event rate;3;255;0.023580269411162605;0.7078472743690115;"very weak positive association; not statistically significant"
Weekly;weeks;Agricultural;PM25_population_weighted_mean;Population-weighted PM2.5;Cardiocirculatory_rate_per_10000;Cardiocirculatory acute event rate;4;253;0.07544006199235787;0.23180967897817614;"very weak positive association; not statistically significant"
