WeekStart;Year;Week;Area;Population;Cardiocirculatory_rate_per_10000;Respiratory_rate_per_10000;TimeLabel
2016-01-04;2016;1;Agricultural;60892;2.627602969191355;1.642251855744597;2016-01-04
2016-01-04;2016;1;Industrial;338383;3.2803066347895724;1.4185109772063016;2016-01-04
2016-01-11;2016;2;Agricultural;60892;2.627602969191355;1.9707022268935164;2016-01-11
2016-01-11;2016;2;Industrial;338383;3.8418005632670673;1.4776156012565644;2016-01-11
2016-01-18;2016;3;Agricultural;60892;4.598305196084872;1.642251855744597;2016-01-18
2016-01-18;2016;3;Industrial;338383;3.6644866911162794;1.3889586651811705;2016-01-18
2016-01-25;2016;4;Agricultural;60892;3.777179268212573;2.299152598042436;2016-01-25
2016-01-25;2016;4;Industrial;338383;4.225980619593774;1.448063289231433;2016-01-25
2016-02-01;2016;5;Agricultural;60892;3.4487288970636536;2.134927412467976;2016-02-01
2016-02-01;2016;5;Industrial;338383;3.9009051873173295;1.0934355449298576;2016-02-01
2016-02-08;2016;6;Agricultural;60892;2.9560533403402744;0.9853511134467582;2016-02-08
2016-02-08;2016;6;Industrial;338383;3.989562123392724;1.654929473407352;2016-02-08
2016-02-15;2016;7;Agricultural;60892;3.4487288970636536;3.1202785259147343;2016-02-15
2016-02-15;2016;7;Industrial;338383;4.0486667474429865;1.6253771613822208;2016-02-15
2016-02-22;2016;8;Agricultural;60892;4.269854824935952;1.4780266701701372;2016-02-22
2016-02-22;2016;8;Industrial;338383;4.107771371493248;1.3298540411309079;2016-02-22
2016-02-29;2016;9;Agricultural;60892;2.9560533403402744;1.3138014845956776;2016-02-29
2016-02-29;2016;9;Industrial;338383;3.7235913151665416;1.3889586651811705;2016-02-29
2016-03-07;2016;10;Agricultural;60892;3.4487288970636536;1.4780266701701372;2016-03-07
2016-03-07;2016;10;Industrial;338383;3.2212020107393102;0.9752262968293324;2016-03-07
2016-03-14;2016;11;Agricultural;60892;3.6129540826381135;1.149576299021218;2016-03-14
2016-03-14;2016;11;Industrial;338383;3.6644866911162794;1.6253771613822208;2016-03-14
2016-03-21;2016;12;Agricultural;60892;3.4487288970636536;2.134927412467976;2016-03-21
2016-03-21;2016;12;Industrial;338383;3.487172818965492;1.6253771613822208;2016-03-21
2016-03-28;2016;13;Agricultural;60892;3.9414044537870327;0.9853511134467582;2016-03-28
2016-03-28;2016;13;Industrial;338383;3.516725130990623;1.1820924810052513;2016-03-28
2016-04-04;2016;14;Agricultural;60892;2.627602969191355;1.149576299021218;2016-04-04
2016-04-04;2016;14;Industrial;338383;2.9847835145382597;1.3889586651811705;2016-04-04
2016-04-11;2016;15;Agricultural;60892;2.627602969191355;0.6569007422978388;2016-04-11
2016-04-11;2016;15;Industrial;338383;3.2212020107393102;1.4185109772063016;2016-04-11
2016-04-18;2016;16;Agricultural;60892;2.299152598042436;1.4780266701701372;2016-04-18
2016-04-18;2016;16;Industrial;338383;3.398515882890098;1.1820924810052513;2016-04-18
2016-04-25;2016;17;Agricultural;60892;2.627602969191355;0.6569007422978388;2016-04-25
2016-04-25;2016;17;Industrial;338383;3.1325450746639163;1.0934355449298576;2016-04-25
2016-05-02;2016;18;Agricultural;60892;3.1202785259147343;1.4780266701701372;2016-05-02
2016-05-02;2016;18;Industrial;338383;4.225980619593774;1.2116447930303829;2016-05-02
2016-05-09;2016;19;Agricultural;60892;2.9560533403402744;1.4780266701701372;2016-05-09
2016-05-09;2016;19;Industrial;338383;3.516725130990623;1.0934355449298576;2016-05-09
2016-05-16;2016;20;Agricultural;60892;3.1202785259147343;1.4780266701701372;2016-05-16
2016-05-16;2016;20;Industrial;338383;3.0734404506136537;1.0934355449298576;2016-05-16
2016-05-23;2016;21;Agricultural;60892;2.9560533403402744;1.149576299021218;2016-05-23
2016-05-23;2016;21;Industrial;338383;3.1620973866890476;0.7683601126534134;2016-05-23
2016-05-30;2016;22;Agricultural;60892;4.434080010510412;1.149576299021218;2016-05-30
2016-05-30;2016;22;Industrial;338383;3.309858946814704;1.3298540411309079;2016-05-30
2016-06-06;2016;23;Agricultural;60892;2.4633777836168957;1.149576299021218;2016-06-06
2016-06-06;2016;23;Industrial;338383;2.600603458211553;1.0047786088544637;2016-06-06
2016-06-13;2016;24;Agricultural;60892;3.1202785259147343;0.3284503711489194;2016-06-13
2016-06-13;2016;24;Industrial;338383;3.6349343790911486;0.9161216727790699;2016-06-13
2016-06-20;2016;25;Agricultural;60892;3.1202785259147343;0.4926755567233791;2016-06-20
2016-06-20;2016;25;Industrial;338383;4.432846803769693;1.034330920879595;2016-06-20
2016-06-27;2016;26;Agricultural;60892;1.3138014845956776;0.9853511134467582;2016-06-27
2016-06-27;2016;26;Industrial;338383;3.487172818965492;1.2116447930303829;2016-06-27
2016-07-04;2016;27;Agricultural;60892;3.284503711489194;0.8211259278722985;2016-07-04
2016-07-04;2016;27;Industrial;338383;3.398515882890098;1.0638832329047263;2016-07-04
2016-07-11;2016;28;Agricultural;60892;3.284503711489194;1.4780266701701372;2016-07-11
2016-07-11;2016;28;Industrial;338383;4.0486667474429865;0.827464736703676;2016-07-11
2016-07-18;2016;29;Agricultural;60892;4.762530381659332;0.6569007422978388;2016-07-18
2016-07-18;2016;29;Industrial;338383;3.014335826563391;1.2116447930303829;2016-07-18
2016-07-25;2016;30;Agricultural;60892;3.9414044537870327;1.4780266701701372;2016-07-25
2016-07-25;2016;30;Industrial;338383;2.7483650183372093;0.8865693607539386;2016-07-25
2016-08-01;2016;31;Agricultural;60892;3.6129540826381135;0.8211259278722985;2016-08-01
2016-08-01;2016;31;Industrial;338383;2.955231202513129;0.6797031765780196;2016-08-01
2016-08-08;2016;32;Agricultural;60892;2.9560533403402744;1.149576299021218;2016-08-08
2016-08-08;2016;32;Industrial;338383;2.6597080822618158;0.6797031765780196;2016-08-08
2016-08-15;2016;33;Agricultural;60892;2.627602969191355;0.8211259278722985;2016-08-15
2016-08-15;2016;33;Industrial;338383;2.6301557702366845;0.7388078006282822;2016-08-15
2016-08-22;2016;34;Agricultural;60892;3.284503711489194;1.8064770413190567;2016-08-22
2016-08-22;2016;34;Industrial;338383;2.837021954412603;0.8570170487288072;2016-08-22
2016-08-29;2016;35;Agricultural;60892;3.6129540826381135;1.149576299021218;2016-08-29
2016-08-29;2016;35;Industrial;338383;2.7188127063120784;1.034330920879595;2016-08-29
2016-09-05;2016;36;Agricultural;60892;4.105629639361493;0.4926755567233791;2016-09-05
2016-09-05;2016;36;Industrial;338383;3.2803066347895724;0.7388078006282822;2016-09-05
2016-09-12;2016;37;Agricultural;60892;2.791828154765815;1.9707022268935164;2016-09-12
2016-09-12;2016;37;Industrial;338383;3.8122482512419356;0.9456739848042012;2016-09-12
2016-09-19;2016;38;Agricultural;60892;2.9560533403402744;0.9853511134467582;2016-09-19
2016-09-19;2016;38;Industrial;338383;3.3689635708649663;1.1525401689801202;2016-09-19
2016-09-26;2016;39;Agricultural;60892;3.284503711489194;1.642251855744597;2016-09-26
2016-09-26;2016;39;Industrial;338383;3.398515882890098;1.0934355449298576;2016-09-26
2016-10-03;2016;40;Agricultural;60892;3.777179268212573;0.9853511134467582;2016-10-03
2016-10-03;2016;40;Industrial;338383;3.516725130990623;0.9752262968293324;2016-10-03
2016-10-10;2016;41;Agricultural;60892;3.284503711489194;0.8211259278722985;2016-10-10
2016-10-10;2016;41;Industrial;338383;3.428068194915229;1.1820924810052513;2016-10-10
2016-10-17;2016;42;Agricultural;60892;3.284503711489194;1.9707022268935164;2016-10-17
2016-10-17;2016;42;Industrial;338383;3.605382067066017;1.0934355449298576;2016-10-17
2016-10-24;2016;43;Agricultural;60892;3.777179268212573;1.3138014845956776;2016-10-24
2016-10-24;2016;43;Industrial;338383;3.1916496987141794;1.3298540411309079;2016-10-24
2016-10-31;2016;44;Agricultural;60892;4.434080010510412;1.9707022268935164;2016-10-31
2016-10-31;2016;44;Industrial;338383;3.6940390031414108;1.2116447930303829;2016-10-31
2016-11-07;2016;45;Agricultural;60892;2.299152598042436;2.627602969191355;2016-11-07
2016-11-07;2016;45;Industrial;338383;3.8122482512419356;1.122987856954989;2016-11-07
2016-11-14;2016;46;Agricultural;60892;2.299152598042436;0.9853511134467582;2016-11-14
2016-11-14;2016;46;Industrial;338383;4.757922236046137;1.3298540411309079;2016-11-14
2016-11-21;2016;47;Agricultural;60892;2.4633777836168957;1.3138014845956776;2016-11-21
2016-11-21;2016;47;Industrial;338383;4.639712987945612;1.5662725373319581;2016-11-21
2016-11-28;2016;48;Agricultural;60892;1.642251855744597;0.9853511134467582;2016-11-28
2016-11-28;2016;48;Industrial;338383;4.13732368351838;1.034330920879595;2016-11-28
2016-12-05;2016;49;Agricultural;60892;2.627602969191355;1.642251855744597;2016-12-05
2016-12-05;2016;49;Industrial;338383;3.2507543227644415;1.1525401689801202;2016-12-05
2016-12-12;2016;50;Agricultural;60892;2.134927412467976;1.149576299021218;2016-12-12
2016-12-12;2016;50;Industrial;338383;3.6940390031414108;1.4185109772063016;2016-12-12
2016-12-19;2016;51;Agricultural;60892;2.9560533403402744;1.642251855744597;2016-12-19
2016-12-19;2016;51;Industrial;338383;4.3737421797194305;1.5958248493570897;2016-12-19
2016-12-26;2016;52;Agricultural;60892;2.791828154765815;2.134927412467976;2016-12-26
2016-12-26;2016;52;Industrial;338383;4.255532931618905;3.398515882890098;2016-12-26
2017-01-02;2017;1;Agricultural;60562;3.6326409299560782;1.8163204649780391;2017-01-02
2017-01-02;2017;1;Industrial;338533;4.16502970168344;2.628990379076781;2017-01-02
2017-01-09;2017;2;Agricultural;60562;4.458241141309732;1.8163204649780391;2017-01-09
2017-01-09;2017;2;Industrial;338533;5.110284669441384;2.510833508107038;2017-01-09
2017-01-16;2017;3;Agricultural;60562;4.12800105676827;2.641920676331693;2017-01-16
2017-01-16;2017;3;Industrial;338533;4.342265008138054;1.9200491532583235;2017-01-16
2017-01-23;2017;4;Agricultural;60562;2.972160760873155;2.972160760873155;2017-01-23
2017-01-23;2017;4;Industrial;338533;4.312725790395619;1.979127588743195;2017-01-23
2017-01-30;2017;5;Agricultural;60562;4.788481225851194;2.972160760873155;2017-01-30
2017-01-30;2017;5;Industrial;338533;3.840098306516647;2.422215854879731;2017-01-30
2017-02-06;2017;6;Agricultural;60562;3.7977609722268086;1.4860803804365774;2017-02-06
2017-02-06;2017;6;Industrial;338533;3.810559088774211;2.0086668064856306;2017-02-06
2017-02-13;2017;7;Agricultural;60562;3.467520887685347;0.8256002113536541;2017-02-13
2017-02-13;2017;7;Industrial;338533;4.017333612971261;1.6541961935764016;2017-02-13
2017-02-20;2017;8;Agricultural;60562;2.4768006340609623;2.1465605495195006;2017-02-20
2017-02-20;2017;8;Industrial;338533;3.0720786452133173;2.0086668064856306;2017-02-20
2017-02-27;2017;9;Agricultural;60562;3.7977609722268086;0.990720253624385;2017-02-27
2017-02-27;2017;9;Industrial;338533;3.928715959743954;1.4178824516369157;2017-02-27
2017-03-06;2017;10;Agricultural;60562;1.4860803804365774;1.6512004227073083;2017-03-06
2017-03-06;2017;10;Industrial;338533;4.460421879107797;1.6541961935764016;2017-03-06
2017-03-13;2017;11;Agricultural;60562;2.8070407186024244;1.1558402958951157;2017-03-13
2017-03-13;2017;11;Industrial;338533;3.5742453468347253;1.1815687096974299;2017-03-13
2017-03-20;2017;12;Agricultural;60562;3.96288101449754;1.8163204649780391;2017-03-20
2017-03-20;2017;12;Industrial;338533;3.5151669113498536;1.506500104864223;2017-03-20
2017-03-27;2017;13;Agricultural;60562;2.4768006340609623;1.6512004227073083;2017-03-27
2017-03-27;2017;13;Industrial;338533;3.9877943952288253;1.6837354113188374;2017-03-27
2017-04-03;2017;14;Agricultural;60562;2.8070407186024244;1.1558402958951157;2017-04-03
2017-04-03;2017;14;Industrial;338533;3.662863000062032;1.2997255806671728;2017-04-03
2017-04-10;2017;15;Agricultural;60562;2.4768006340609623;1.1558402958951157;2017-04-10
2017-04-10;2017;15;Industrial;338533;4.046872830713697;1.0338726209852511;2017-04-10
2017-04-17;2017;16;Agricultural;60562;3.6326409299560782;0.990720253624385;2017-04-17
2017-04-17;2017;16;Industrial;338533;3.2788531694103678;1.0929510564701226;2017-04-17
2017-04-24;2017;17;Agricultural;60562;3.1372808031438852;1.3209603381658466;2017-04-24
2017-04-24;2017;17;Industrial;338533;4.105951266198568;1.3588040161520443;2017-04-24
2017-05-01;2017;18;Agricultural;60562;2.972160760873155;0.8256002113536541;2017-05-01
2017-05-01;2017;18;Industrial;338533;3.6333237823195965;1.1815687096974299;2017-05-01
2017-05-08;2017;19;Agricultural;60562;3.3024008454146165;1.3209603381658466;2017-05-08
2017-05-08;2017;19;Industrial;338533;3.928715959743954;1.063411838727687;2017-05-08
2017-05-15;2017;20;Agricultural;60562;3.96288101449754;0.6604801690829233;2017-05-15
2017-05-15;2017;20;Industrial;338533;3.721941435546904;1.5951177580915301;2017-05-15
2017-05-22;2017;21;Agricultural;60562;3.7977609722268086;1.4860803804365774;2017-05-22
2017-05-22;2017;21;Industrial;338533;3.928715959743954;1.063411838727687;2017-05-22
2017-05-29;2017;22;Agricultural;60562;2.972160760873155;0.33024008454146164;2017-05-29
2017-05-29;2017;22;Industrial;338533;4.1354904839410045;1.5655785403490945;2017-05-29
2017-06-05;2017;23;Agricultural;60562;2.972160760873155;1.3209603381658466;2017-06-05
2017-06-05;2017;23;Industrial;338533;3.7514806532893394;1.2997255806671728;2017-06-05
2017-06-12;2017;24;Agricultural;60562;4.12800105676827;1.98144050724877;2017-06-12
2017-06-12;2017;24;Industrial;338533;4.046872830713697;1.4178824516369157;2017-06-12
2017-06-19;2017;25;Agricultural;60562;3.467520887685347;1.4860803804365774;2017-06-19
2017-06-19;2017;25;Industrial;338533;4.667196403304848;1.860970717773452;2017-06-19
2017-06-26;2017;26;Agricultural;60562;4.458241141309732;1.1558402958951157;2017-06-26
2017-06-26;2017;26;Industrial;338533;3.7810198710317753;0.9747941855003797;2017-06-26
2017-07-03;2017;27;Agricultural;60562;2.641920676331693;0.990720253624385;2017-07-03
2017-07-03;2017;27;Industrial;338533;4.1354904839410045;1.3292647984096086;2017-07-03
2017-07-10;2017;28;Agricultural;60562;3.7977609722268086;0.990720253624385;2017-07-10
2017-07-10;2017;28;Industrial;338533;3.692402217804468;1.0929510564701226;2017-07-10
2017-07-17;2017;29;Agricultural;60562;2.972160760873155;1.1558402958951157;2017-07-17
2017-07-17;2017;29;Industrial;338533;3.544706129092289;1.152029491954994;2017-07-17
2017-07-24;2017;30;Agricultural;60562;3.467520887685347;0.6604801690829233;2017-07-24
2017-07-24;2017;30;Industrial;338533;3.249313951667932;0.7089412258184579;2017-07-24
2017-07-31;2017;31;Agricultural;60562;2.3116805917902314;1.1558402958951157;2017-07-31
2017-07-31;2017;31;Industrial;338533;3.5742453468347253;1.2111079274398655;2017-07-31
2017-08-07;2017;32;Agricultural;60562;3.3024008454146165;1.3209603381658466;2017-08-07
2017-08-07;2017;32;Industrial;338533;3.662863000062032;1.4178824516369157;2017-08-07
2017-08-14;2017;33;Agricultural;60562;2.3116805917902314;0.6604801690829233;2017-08-14
2017-08-14;2017;33;Industrial;338533;2.9539217742435744;0.915715750015508;2017-08-14
2017-08-21;2017;34;Agricultural;60562;2.3116805917902314;1.1558402958951157;2017-08-21
2017-08-21;2017;34;Industrial;338533;3.2788531694103678;1.4178824516369157;2017-08-21
2017-08-28;2017;35;Agricultural;60562;3.1372808031438852;0.6604801690829233;2017-08-28
2017-08-28;2017;35;Industrial;338533;3.101617862955753;1.0338726209852511;2017-08-28
2017-09-04;2017;36;Agricultural;60562;2.3116805917902314;0.8256002113536541;2017-09-04
2017-09-04;2017;36;Industrial;338533;2.894843338758703;0.9747941855003797;2017-09-04
2017-09-11;2017;37;Agricultural;60562;2.972160760873155;1.4860803804365774;2017-09-11
2017-09-11;2017;37;Industrial;338533;2.865304121016267;0.7680196613033293;2017-09-11
2017-09-18;2017;38;Agricultural;60562;2.4768006340609623;1.1558402958951157;2017-09-18
2017-09-18;2017;38;Industrial;338533;3.5151669113498536;1.1815687096974299;2017-09-18
2017-09-25;2017;39;Agricultural;60562;1.6512004227073083;1.1558402958951157;2017-09-25
2017-09-25;2017;39;Industrial;338533;3.5151669113498536;1.4474216693793516;2017-09-25
2017-10-02;2017;40;Agricultural;60562;4.293121099039001;0.990720253624385;2017-10-02
2017-10-02;2017;40;Industrial;338533;3.7810198710317753;1.270186362924737;2017-10-02
2017-10-09;2017;41;Agricultural;60562;2.3116805917902314;1.1558402958951157;2017-10-09
2017-10-09;2017;41;Industrial;338533;3.721941435546904;1.3292647984096086;2017-10-09
2017-10-16;2017;42;Agricultural;60562;3.1372808031438852;0.990720253624385;2017-10-16
2017-10-16;2017;42;Industrial;338533;3.4856276936074178;1.152029491954994;2017-10-16
2017-10-23;2017;43;Agricultural;60562;4.458241141309732;1.6512004227073083;2017-10-23
2017-10-23;2017;43;Industrial;338533;3.8991767420015186;1.4178824516369157;2017-10-23
2017-10-30;2017;44;Agricultural;60562;3.467520887685347;1.1558402958951157;2017-10-30
2017-10-30;2017;44;Industrial;338533;3.8696375242590824;1.0929510564701226;2017-10-30
2017-11-06;2017;45;Agricultural;60562;4.12800105676827;1.6512004227073083;2017-11-06
2017-11-06;2017;45;Industrial;338533;3.3379316048952394;1.506500104864223;2017-11-06
2017-11-13;2017;46;Agricultural;60562;3.1372808031438852;1.98144050724877;2017-11-13
2017-11-13;2017;46;Industrial;338533;4.194568919425875;1.4474216693793516;2017-11-13
2017-11-20;2017;47;Agricultural;60562;4.12800105676827;1.6512004227073083;2017-11-20
2017-11-20;2017;47;Industrial;338533;3.249313951667932;1.0338726209852511;2017-11-20
2017-11-27;2017;48;Agricultural;60562;4.623361183580463;1.4860803804365774;2017-11-27
2017-11-27;2017;48;Industrial;338533;4.37180422588049;1.3292647984096086;2017-11-27
2017-12-04;2017;49;Agricultural;60562;4.12800105676827;1.3209603381658466;2017-12-04
2017-12-04;2017;49;Industrial;338533;4.342265008138054;1.0338726209852511;2017-12-04
2017-12-11;2017;50;Agricultural;60562;5.448961394934117;0.8256002113536541;2017-12-11
2017-12-11;2017;50;Industrial;338533;3.8991767420015186;1.4474216693793516;2017-12-11
2017-12-18;2017;51;Agricultural;60562;4.458241141309732;2.3116805917902314;2017-12-18
2017-12-18;2017;51;Industrial;338533;5.169363104926255;1.713274629061273;2017-12-18
2017-12-25;2017;52;Agricultural;60562;5.448961394934117;2.3116805917902314;2017-12-25
2017-12-25;2017;52;Industrial;338533;3.5742453468347253;1.8905099355158876;2017-12-25
2018-01-01;2018;1;Agricultural;60224;4.649309245483528;2.98884165781084;2018-01-01
2018-01-01;2018;1;Industrial;338804;4.89958796236172;1.918513358756095;2018-01-01
2018-01-08;2018;2;Agricultural;60224;4.483262486716259;2.98884165781084;2018-01-08
2018-01-08;2018;2;Industrial;338804;5.22425945384352;1.9480289488908042;2018-01-08
2018-01-15;2018;3;Agricultural;60224;5.313496280552603;2.1586078639744954;2018-01-15
2018-01-15;2018;3;Industrial;338804;4.1616982089939905;1.4462639166007487;2018-01-15
2018-01-22;2018;4;Agricultural;60224;3.6530286928799147;2.6567481402763016;2018-01-22
2018-01-22;2018;4;Industrial;338804;4.486369700475791;1.8299665883519676;2018-01-22
2018-01-29;2018;5;Agricultural;60224;4.151168969181722;1.49442082890542;2018-01-29
2018-01-29;2018;5;Industrial;338804;5.342321814382357;1.8594821784866766;2018-01-29
2018-02-05;2018;6;Agricultural;60224;2.8227948990435707;0.9962805526036131;2018-02-05
2018-02-05;2018;6;Industrial;338804;4.515885290610501;1.357717146196621;2018-02-05
2018-02-12;2018;7;Agricultural;60224;3.819075451647184;1.8265143464399574;2018-02-12
2018-02-12;2018;7;Industrial;338804;4.102667028724572;1.5052950968701668;2018-02-12
2018-02-19;2018;8;Agricultural;60224;3.6530286928799147;0.6641870350690754;2018-02-19
2018-02-19;2018;8;Industrial;338804;4.752010011688174;1.8004509982172583;2018-02-19
2018-02-26;2018;9;Agricultural;60224;2.324654622741764;1.162327311370882;2018-02-26
2018-02-26;2018;9;Industrial;338804;4.397822930071664;1.5052950968701668;2018-02-26
2018-03-05;2018;10;Agricultural;60224;3.154888416578108;1.8265143464399574;2018-03-05
2018-03-05;2018;10;Industrial;338804;4.840556782092301;1.6233574574090035;2018-03-05
2018-03-12;2018;11;Agricultural;60224;2.8227948990435707;2.4907013815090333;2018-03-12
2018-03-12;2018;11;Industrial;338804;4.663463241284046;1.8889977686213857;2018-03-12
2018-03-19;2018;12;Agricultural;60224;3.3209351753453773;1.6604675876726886;2018-03-19
2018-03-19;2018;12;Industrial;338804;4.132182618859281;1.5348106870048759;2018-03-19
2018-03-26;2018;13;Agricultural;60224;3.9851222104144526;1.3283740701381508;2018-03-26
2018-03-26;2018;13;Industrial;338804;4.89958796236172;1.2101391955230751;2018-03-26
2018-04-02;2018;14;Agricultural;60224;2.8227948990435707;1.6604675876726886;2018-04-02
2018-04-02;2018;14;Industrial;338804;4.220729389263409;1.328201556061912;2018-04-02
2018-04-09;2018;15;Agricultural;60224;3.154888416578108;2.1586078639744954;2018-04-09
2018-04-09;2018;15;Industrial;338804;3.925573487916317;1.4757795067354578;2018-04-09
2018-04-16;2018;16;Agricultural;60224;3.6530286928799147;1.162327311370882;2018-04-16
2018-04-16;2018;16;Industrial;338804;4.220729389263409;1.0330456547148203;2018-04-16
2018-04-23;2018;17;Agricultural;60224;3.3209351753453773;1.49442082890542;2018-04-23
2018-04-23;2018;17;Industrial;338804;3.807511127377481;1.5938418672742944;2018-04-23
2018-04-30;2018;18;Agricultural;60224;4.649309245483528;1.49442082890542;2018-04-30
2018-04-30;2018;18;Industrial;338804;3.2171993246832975;1.328201556061912;2018-04-30
2018-05-07;2018;19;Agricultural;60224;3.154888416578108;1.8265143464399574;2018-05-07
2018-05-07;2018;19;Industrial;338804;4.486369700475791;1.357717146196621;2018-05-07
2018-05-14;2018;20;Agricultural;60224;4.151168969181722;1.3283740701381508;2018-05-14
2018-05-14;2018;20;Industrial;338804;3.3647772753568432;1.2691703757924935;2018-05-14
2018-05-21;2018;21;Agricultural;60224;4.981402763018067;1.3283740701381508;2018-05-21
2018-05-21;2018;21;Industrial;338804;4.1616982089939905;1.180623605388366;2018-05-21
2018-05-28;2018;22;Agricultural;60224;3.819075451647184;1.6604675876726886;2018-05-28
2018-05-28;2018;22;Industrial;338804;3.305746095087425;1.2101391955230751;2018-05-28
2018-06-04;2018;23;Agricultural;60224;3.9851222104144526;1.8265143464399574;2018-06-04
2018-06-04;2018;23;Industrial;338804;3.4828396358956804;0.9740144744454021;2018-06-04
2018-06-11;2018;24;Agricultural;60224;4.317215727948991;1.162327311370882;2018-06-11
2018-06-11;2018;24;Industrial;338804;3.6009019964345166;1.2691703757924935;2018-06-11
2018-06-18;2018;25;Agricultural;60224;2.8227948990435707;0.8302337938363443;2018-06-18
2018-06-18;2018;25;Industrial;338804;3.5418708161650985;1.2396547856577844;2018-06-18
2018-06-25;2018;26;Agricultural;60224;2.98884165781084;1.3283740701381508;2018-06-25
2018-06-25;2018;26;Industrial;338804;3.3352616852221346;0.9444988843106928;2018-06-25
2018-07-02;2018;27;Agricultural;60224;3.6530286928799147;1.49442082890542;2018-07-02
2018-07-02;2018;27;Industrial;338804;3.187683734548589;1.0625612448495296;2018-07-02
2018-07-09;2018;28;Agricultural;60224;3.3209351753453773;1.49442082890542;2018-07-09
2018-07-09;2018;28;Industrial;338804;3.3647772753568432;1.5643262771395852;2018-07-09
2018-07-16;2018;29;Agricultural;60224;3.154888416578108;1.162327311370882;2018-07-16
2018-07-16;2018;29;Industrial;338804;4.073151438589863;1.3872327363313302;2018-07-16
2018-07-23;2018;30;Agricultural;60224;1.49442082890542;0.8302337938363443;2018-07-23
2018-07-23;2018;30;Industrial;338804;3.305746095087425;1.6233574574090035;2018-07-23
2018-07-30;2018;31;Agricultural;60224;3.819075451647184;0.9962805526036131;2018-07-30
2018-07-30;2018;31;Industrial;338804;3.3352616852221346;1.2101391955230751;2018-07-30
2018-08-06;2018;32;Agricultural;60224;1.9925611052072263;1.49442082890542;2018-08-06
2018-08-06;2018;32;Industrial;338804;3.5713864062998075;1.4757795067354578;2018-08-06
2018-08-13;2018;33;Agricultural;60224;1.8265143464399574;0.9962805526036131;2018-08-13
2018-08-13;2018;33;Industrial;338804;4.102667028724572;1.180623605388366;2018-08-13
2018-08-20;2018;34;Agricultural;60224;2.6567481402763016;1.49442082890542;2018-08-20
2018-08-20;2018;34;Industrial;338804;3.453324045760971;0.8264365237718563;2018-08-20
2018-08-27;2018;35;Agricultural;60224;3.3209351753453773;1.3283740701381508;2018-08-27
2018-08-27;2018;35;Industrial;338804;2.8334966529320784;1.0920768349842387;2018-08-27
2018-09-03;2018;36;Agricultural;60224;2.98884165781084;1.9925611052072263;2018-09-03
2018-09-03;2018;36;Industrial;338804;3.305746095087425;1.0625612448495296;2018-09-03
2018-09-10;2018;37;Agricultural;60224;1.9925611052072263;1.162327311370882;2018-09-10
2018-09-10;2018;37;Industrial;338804;3.7189643569733533;1.4462639166007487;2018-09-10
2018-09-17;2018;38;Agricultural;60224;2.8227948990435707;1.9925611052072263;2018-09-17
2018-09-17;2018;38;Industrial;338804;3.866542307646899;0.9740144744454021;2018-09-17
2018-09-24;2018;39;Agricultural;60224;2.4907013815090333;1.3283740701381508;2018-09-24
2018-09-24;2018;39;Industrial;338804;3.423808455626262;1.2691703757924935;2018-09-24
2018-10-01;2018;40;Agricultural;60224;2.324654622741764;1.49442082890542;2018-10-01
2018-10-01;2018;40;Industrial;338804;3.659933176703935;1.151108015253657;2018-10-01
2018-10-08;2018;41;Agricultural;60224;3.819075451647184;0.6641870350690754;2018-10-08
2018-10-08;2018;41;Industrial;338804;3.5713864062998075;1.357717146196621;2018-10-08
2018-10-15;2018;42;Agricultural;60224;3.6530286928799147;1.49442082890542;2018-10-15
2018-10-15;2018;42;Industrial;338804;3.7189643569733533;1.7709354080825492;2018-10-15
2018-10-22;2018;43;Agricultural;60224;3.154888416578108;0.9962805526036131;2018-10-22
2018-10-22;2018;43;Industrial;338804;4.633947651149337;1.2986859659272025;2018-10-22
2018-10-29;2018;44;Agricultural;60224;2.324654622741764;1.3283740701381508;2018-10-29
2018-10-29;2018;44;Industrial;338804;3.5418708161650985;1.4167483264660392;2018-10-29
2018-11-05;2018;45;Agricultural;60224;2.98884165781084;0.8302337938363443;2018-11-05
2018-11-05;2018;45;Industrial;338804;3.2171993246832975;1.5643262771395852;2018-11-05
2018-11-12;2018;46;Agricultural;60224;3.154888416578108;1.8265143464399574;2018-11-12
2018-11-12;2018;46;Industrial;338804;4.132182618859281;1.0625612448495296;2018-11-12
2018-11-19;2018;47;Agricultural;60224;3.4869819341126465;1.3283740701381508;2018-11-19
2018-11-19;2018;47;Industrial;338804;3.5713864062998075;1.5643262771395852;2018-11-19
2018-11-26;2018;48;Agricultural;60224;4.649309245483528;1.162327311370882;2018-11-26
2018-11-26;2018;48;Industrial;338804;4.368307339936955;1.4462639166007487;2018-11-26
2018-12-03;2018;49;Agricultural;60224;4.649309245483528;0.3320935175345377;2018-12-03
2018-12-03;2018;49;Industrial;338804;4.456854110341082;1.357717146196621;2018-12-03
2018-12-10;2018;50;Agricultural;60224;2.6567481402763016;0.8302337938363443;2018-12-10
2018-12-10;2018;50;Industrial;338804;4.043635848455154;1.6233574574090035;2018-12-10
2018-12-17;2018;51;Agricultural;60224;2.8227948990435707;1.6604675876726886;2018-12-17
2018-12-17;2018;51;Industrial;338804;3.7484799471080628;2.0956068995643498;2018-12-17
2018-12-24;2018;52;Agricultural;60224;3.3209351753453773;2.1586078639744954;2018-12-24
2018-12-24;2018;52;Industrial;338804;4.073151438589863;2.2136692601031864;2018-12-24
2018-12-31;2018;1;Agricultural;60224;2.6567481402763016;1.6604675876726886;2018-12-31
2018-12-31;2018;1;Industrial;338804;3.423808455626262;1.2986859659272025;2018-12-31
2019-01-07;2019;2;Agricultural;60103;3.3276209174250866;1.8301915045837978;2019-01-07
2019-01-07;2019;2;Industrial;340591;3.699451835192357;2.055251019551309;2019-01-07
2019-01-14;2019;3;Agricultural;60103;3.82676405503885;2.495715688068815;2019-01-14
2019-01-14;2019;3;Industrial;340591;3.7288125640430896;2.055251019551309;2019-01-14
2019-01-21;2019;4;Agricultural;60103;3.6603830091675955;1.9965725504550522;2019-01-21
2019-01-21;2019;4;Industrial;340591;4.286666412207016;2.55438341001377;2019-01-21
2019-01-28;2019;5;Agricultural;60103;4.825050330266376;2.1629535963263065;2019-01-28
2019-01-28;2019;5;Industrial;340591;4.374748598759216;2.965433613924032;2019-01-28
2019-02-04;2019;6;Agricultural;60103;3.9931451009101044;2.1629535963263065;2019-02-04
2019-02-04;2019;6;Industrial;340591;3.9930591236996866;2.6718263254167023;2019-02-04
2019-02-11;2019;7;Agricultural;60103;4.825050330266376;1.8301915045837978;2019-02-11
2019-02-11;2019;7;Industrial;340591;4.374748598759216;2.5250226811630374;2019-02-11
2019-02-18;2019;8;Agricultural;60103;3.4940019632963413;2.1629535963263065;2019-02-18
2019-02-18;2019;8;Industrial;340591;3.7288125640430896;1.8203651887454455;2019-02-18
2019-02-25;2019;9;Agricultural;60103;2.9948588256825786;2.495715688068815;2019-02-25
2019-02-25;2019;9;Industrial;340591;3.640730377490891;1.4386757136859165;2019-02-25
2019-03-04;2019;10;Agricultural;60103;2.1629535963263065;0.9982862752275261;2019-03-04
2019-03-04;2019;10;Industrial;340591;4.345387869908483;1.5561186290888487;2019-03-04
2019-03-11;2019;11;Agricultural;60103;4.325907192652613;1.6638104587125433;2019-03-11
2019-03-11;2019;11;Industrial;340591;3.4939267332372257;1.6735615444917804;2019-03-11
2019-03-18;2019;12;Agricultural;60103;2.495715688068815;0.6655241834850174;2019-03-18
2019-03-18;2019;12;Industrial;340591;3.8462554794460218;1.4386757136859165;2019-03-18
2019-03-25;2019;13;Agricultural;60103;2.9948588256825786;1.3310483669700348;2019-03-25
2019-03-25;2019;13;Industrial;340591;3.963698394848954;1.8497259175961784;2019-03-25
2019-04-01;2019;14;Agricultural;60103;3.82676405503885;2.495715688068815;2019-04-01
2019-04-01;2019;14;Industrial;340591;3.7288125640430896;1.8497259175961784;2019-04-01
2019-04-08;2019;15;Agricultural;60103;2.495715688068815;1.6638104587125433;2019-04-08
2019-04-08;2019;15;Industrial;340591;3.904976937147488;1.6148400867903143;2019-04-08
2019-04-15;2019;16;Agricultural;60103;2.1629535963263065;1.9965725504550522;2019-04-15
2019-04-15;2019;16;Industrial;340591;3.611369648640158;1.4386757136859165;2019-04-15
2019-04-22;2019;17;Agricultural;60103;3.4940019632963413;1.6638104587125433;2019-04-22
2019-04-22;2019;17;Industrial;340591;3.7288125640430896;1.4386757136859165;2019-04-22
2019-04-29;2019;18;Agricultural;60103;3.9931451009101044;0.3327620917425087;2019-04-29
2019-04-29;2019;18;Industrial;340591;3.611369648640158;1.1157076963278536;2019-04-29
2019-05-06;2019;19;Agricultural;60103;3.3276209174250866;2.3293346421975607;2019-05-06
2019-05-06;2019;19;Industrial;340591;3.582008919789425;1.2037898828800526;2019-05-06
2019-05-13;2019;20;Agricultural;60103;2.828477779811324;2.3293346421975607;2019-05-13
2019-05-13;2019;20;Industrial;340591;3.7288125640430896;1.7910044598947126;2019-05-13
2019-05-20;2019;21;Agricultural;60103;4.159526146781358;1.4974294128412893;2019-05-20
2019-05-20;2019;21;Industrial;340591;3.523287462087959;2.1139724772527755;2019-05-20
2019-05-27;2019;22;Agricultural;60103;3.161239871553833;0.6655241834850174;2019-05-27
2019-05-27;2019;22;Industrial;340591;2.8479906985211003;1.5854793579395814;2019-05-27
2019-06-03;2019;23;Agricultural;60103;3.9931451009101044;1.9965725504550522;2019-06-03
2019-06-03;2019;23;Industrial;340591;3.523287462087959;1.4386757136859165;2019-06-03
2019-06-10;2019;24;Agricultural;60103;3.6603830091675955;1.4974294128412893;2019-06-10
2019-06-10;2019;24;Industrial;340591;3.8462554794460218;1.3212327982829846;2019-06-10
2019-06-17;2019;25;Agricultural;60103;4.325907192652613;1.9965725504550522;2019-06-17
2019-06-17;2019;25;Industrial;340591;3.464566004386493;1.5854793579395814;2019-06-17
2019-06-24;2019;26;Agricultural;60103;2.6620967339400696;1.8301915045837978;2019-06-24
2019-06-24;2019;26;Industrial;340591;4.02241985255042;1.9084473752976443;2019-06-24
2019-07-01;2019;27;Agricultural;60103;3.82676405503885;0.9982862752275261;2019-07-01
2019-07-01;2019;27;Industrial;340591;4.1398627679533515;1.4973971713873826;2019-07-01
2019-07-08;2019;28;Agricultural;60103;2.9948588256825786;1.3310483669700348;2019-07-08
2019-07-08;2019;28;Industrial;340591;3.523287462087959;1.3799542559844504;2019-07-08
2019-07-15;2019;29;Agricultural;60103;3.161239871553833;1.4974294128412893;2019-07-15
2019-07-15;2019;29;Industrial;340591;3.464566004386493;1.6442008156410475;2019-07-15
2019-07-22;2019;30;Agricultural;60103;3.161239871553833;0.9982862752275261;2019-07-22
2019-07-22;2019;30;Industrial;340591;3.14159798702843;2.2020546638049745;2019-07-22
2019-07-29;2019;31;Agricultural;60103;2.3293346421975607;0.9982862752275261;2019-07-29
2019-07-29;2019;31;Industrial;340591;3.317762360132828;1.6442008156410475;2019-07-29
2019-08-05;2019;32;Agricultural;60103;2.9948588256825786;0.9982862752275261;2019-08-05
2019-08-05;2019;32;Industrial;340591;3.640730377490891;1.4973971713873826;2019-08-05
2019-08-12;2019;33;Agricultural;60103;3.4940019632963413;1.4974294128412893;2019-08-12
2019-08-12;2019;33;Industrial;340591;2.9067121562225657;1.1744291540293197;2019-08-12
2019-08-19;2019;34;Agricultural;60103;2.9948588256825786;1.3310483669700348;2019-08-19
2019-08-19;2019;34;Industrial;340591;3.14159798702843;1.4386757136859165;2019-08-19
2019-08-26;2019;35;Agricultural;60103;3.6603830091675955;1.3310483669700348;2019-08-26
2019-08-26;2019;35;Industrial;340591;3.1122372581776974;1.1450684251785868;2019-08-26
2019-09-02;2019;36;Agricultural;60103;4.159526146781358;1.6638104587125433;2019-09-02
2019-09-02;2019;36;Industrial;340591;3.347123088983561;1.3799542559844504;2019-09-02
2019-09-09;2019;37;Agricultural;60103;4.658669284395121;0.8319052293562716;2019-09-09
2019-09-09;2019;37;Industrial;340591;2.965433613924032;1.1450684251785868;2019-09-09
2019-09-16;2019;38;Agricultural;60103;2.9948588256825786;0.8319052293562716;2019-09-16
2019-09-16;2019;38;Industrial;340591;3.4058445466850267;1.4680364425366494;2019-09-16
2019-09-23;2019;39;Agricultural;60103;2.9948588256825786;1.3310483669700348;2019-09-23
2019-09-23;2019;39;Industrial;340591;3.758173292893823;1.4386757136859165;2019-09-23
2019-09-30;2019;40;Agricultural;60103;2.6620967339400696;0.8319052293562716;2019-09-30
2019-09-30;2019;40;Industrial;340591;3.8756162082967545;1.3505935271337175;2019-09-30
2019-10-07;2019;41;Agricultural;60103;4.159526146781358;2.1629535963263065;2019-10-07
2019-10-07;2019;41;Industrial;340591;3.4058445466850267;1.4680364425366494;2019-10-07
2019-10-14;2019;42;Agricultural;60103;2.6620967339400696;1.3310483669700348;2019-10-14
2019-10-14;2019;42;Industrial;340591;3.7288125640430896;2.143333206103508;2019-10-14
2019-10-21;2019;43;Agricultural;60103;5.490574513751393;0.8319052293562716;2019-10-21
2019-10-21;2019;43;Industrial;340591;3.611369648640158;1.7616437310439794;2019-10-21
2019-10-28;2019;44;Agricultural;60103;4.825050330266376;1.6638104587125433;2019-10-28
2019-10-28;2019;44;Industrial;340591;2.7892692408196345;1.5561186290888487;2019-10-28
2019-11-04;2019;45;Agricultural;60103;4.159526146781358;1.6638104587125433;2019-11-04
2019-11-04;2019;45;Industrial;340591;3.376483817834294;1.5854793579395814;2019-11-04
2019-11-11;2019;46;Agricultural;60103;3.3276209174250866;1.6638104587125433;2019-11-11
2019-11-11;2019;46;Industrial;340591;3.758173292893823;1.6442008156410475;2019-11-11
2019-11-18;2019;47;Agricultural;60103;2.828477779811324;2.1629535963263065;2019-11-18
2019-11-18;2019;47;Industrial;340591;3.4058445466850267;1.6735615444917804;2019-11-18
2019-11-25;2019;48;Agricultural;60103;3.161239871553833;1.3310483669700348;2019-11-25
2019-11-25;2019;48;Industrial;340591;3.4352052755357603;1.5267579002381155;2019-11-25
2019-12-02;2019;49;Agricultural;60103;1.8301915045837978;1.6638104587125433;2019-12-02
2019-12-02;2019;49;Industrial;340591;3.904976937147488;1.2918720694322514;2019-12-02
2019-12-09;2019;50;Agricultural;60103;3.4940019632963413;1.3310483669700348;2019-12-09
2019-12-09;2019;50;Industrial;340591;3.523287462087959;1.9965295618498433;2019-12-09
2019-12-16;2019;51;Agricultural;60103;4.658669284395121;1.6638104587125433;2019-12-16
2019-12-16;2019;51;Industrial;340591;3.787534021744556;1.7616437310439794;2019-12-16
2019-12-23;2019;52;Agricultural;60103;4.99143137613763;1.4974294128412893;2019-12-23
2019-12-23;2019;52;Industrial;340591;3.170958715879163;2.0846117484020423;2019-12-23
2019-12-30;2019;1;Agricultural;60103;0.8319052293562716;0.16638104587125435;2019-12-30
2019-12-30;2019;1;Industrial;340591;1.0863469674771207;0.6752967635668587;2019-12-30
2023-01-02;2023;1;Agricultural;59596;5.70508087791127;2.5169474461373245;2023-01-02
2023-01-02;2023;1;Industrial;341484;3.5726417635965375;2.5769875016106174;2023-01-02
2023-01-09;2023;2;Agricultural;59596;3.5237264245922546;2.01355795690986;2023-01-09
2023-01-09;2023;2;Industrial;341484;4.216888638999192;2.049876421735718;2023-01-09
2023-01-16;2023;3;Agricultural;59596;3.1881334317739447;2.3491509497281697;2023-01-16
2023-01-16;2023;3;Industrial;341484;3.7483454568881704;1.8741727284440852;2023-01-16
2023-01-23;2023;4;Agricultural;59596;5.872877374320424;2.01355795690986;2023-01-23
2023-01-23;2023;4;Industrial;341484;4.099752843471436;2.079160370617657;2023-01-23
2023-01-30;2023;5;Agricultural;59596;4.6983018994563395;1.6779649640915497;2023-01-30
2023-01-30;2023;5;Industrial;341484;3.9826170479436813;2.108444319499596;2023-01-30
2023-02-06;2023;6;Agricultural;59596;4.866098395865494;2.5169474461373245;2023-02-06
2023-02-06;2023;6;Industrial;341484;3.367654121422966;2.1962961661454123;2023-02-06
2023-02-13;2023;7;Agricultural;59596;4.6983018994563395;3.0203369353647895;2023-02-13
2023-02-13;2023;7;Industrial;341484;3.7190615080062317;2.108444319499596;2023-02-13
2023-02-20;2023;8;Agricultural;59596;1.6779649640915497;2.3491509497281697;2023-02-20
2023-02-20;2023;8;Industrial;341484;3.5433578147145988;1.8448887795621463;2023-02-20
2023-02-27;2023;9;Agricultural;59596;3.3559299281830994;1.8457614605007047;2023-02-27
2023-02-27;2023;9;Industrial;341484;3.6019257124784763;1.9327406262079627;2023-02-27
2023-03-06;2023;10;Agricultural;59596;2.01355795690986;1.3423719712732398;2023-03-06
2023-03-06;2023;10;Industrial;341484;3.953333099061742;2.1670122172634736;2023-03-06
2023-03-13;2023;11;Agricultural;59596;3.3559299281830994;2.3491509497281697;2023-03-13
2023-03-13;2023;11;Industrial;341484;3.7483454568881704;1.3470616485691862;2023-03-13
2023-03-20;2023;12;Agricultural;59596;2.5169474461373245;1.8457614605007047;2023-03-20
2023-03-20;2023;12;Industrial;341484;3.0455306837216383;1.6691850862705133;2023-03-20
2023-03-27;2023;13;Agricultural;59596;4.194912410228874;1.1745754748640849;2023-03-27
2023-03-27;2023;13;Industrial;341484;3.6897775591242925;1.7863208817982688;2023-03-27
2023-04-03;2023;14;Agricultural;59596;0.8389824820457749;1.3423719712732398;2023-04-03
2023-04-03;2023;14;Industrial;341484;3.777629405770109;1.9913085239718407;2023-04-03
2023-04-10;2023;15;Agricultural;59596;3.8593194174105645;3.0203369353647895;2023-04-10
2023-04-10;2023;15;Industrial;341484;4.01190099682562;2.284148012791229;2023-04-10
2023-04-17;2023;16;Agricultural;59596;3.0203369353647895;1.8457614605007047;2023-04-17
2023-04-17;2023;16;Industrial;341484;3.309086223659088;1.6984690351524523;2023-04-17
2023-04-24;2023;17;Agricultural;59596;4.02711591381972;1.00677897845493;2023-04-24
2023-04-24;2023;17;Industrial;341484;3.2212343770132716;1.3763455974511252;2023-04-24
2023-05-01;2023;18;Agricultural;59596;4.6983018994563395;1.3423719712732398;2023-05-01
2023-05-01;2023;18;Industrial;341484;3.484789916950721;1.4349134952150027;2023-05-01
2023-05-08;2023;19;Agricultural;59596;3.0203369353647895;2.181354453319015;2023-05-08
2023-05-08;2023;19;Industrial;341484;3.6604936102423538;1.6106171885066358;2023-05-08
2023-05-15;2023;20;Agricultural;59596;4.530505403047184;1.3423719712732398;2023-05-15
2023-05-15;2023;20;Industrial;341484;3.6897775591242925;1.6106171885066358;2023-05-15
2023-05-22;2023;21;Agricultural;59596;3.1881334317739447;2.01355795690986;2023-05-22
2023-05-22;2023;21;Industrial;341484;3.6897775591242925;1.6691850862705133;2023-05-22
2023-05-29;2023;22;Agricultural;59596;4.866098395865494;1.6779649640915497;2023-05-29
2023-05-29;2023;22;Industrial;341484;3.8654812524159254;1.4934813929788806;2023-05-29
2023-06-05;2023;23;Agricultural;59596;2.01355795690986;1.6779649640915497;2023-06-05
2023-06-05;2023;23;Industrial;341484;3.9240491501798034;1.4641974440969416;2023-06-05
2023-06-12;2023;24;Agricultural;59596;3.1881334317739447;0.8389824820457749;2023-06-12
2023-06-12;2023;24;Industrial;341484;4.158320741235314;1.4934813929788806;2023-06-12
2023-06-19;2023;25;Agricultural;59596;4.02711591381972;1.00677897845493;2023-06-19
2023-06-19;2023;25;Industrial;341484;3.455505968068782;1.6984690351524523;2023-06-19
2023-06-26;2023;26;Agricultural;59596;4.02711591381972;1.8457614605007047;2023-06-26
2023-06-26;2023;26;Industrial;341484;4.275456536763069;1.3177776996872472;2023-06-26
2023-07-03;2023;27;Agricultural;59596;2.5169474461373245;1.5101684676823948;2023-07-03
2023-07-03;2023;27;Industrial;341484;4.099752843471436;1.1127900575136755;2023-07-03
2023-07-10;2023;28;Agricultural;59596;2.181354453319015;1.8457614605007047;2023-07-10
2023-07-10;2023;28;Industrial;341484;4.890419463283784;1.1420740063956145;2023-07-10
2023-07-17;2023;29;Agricultural;59596;4.36270890663803;1.3423719712732398;2023-07-17
2023-07-17;2023;29;Industrial;341484;3.777629405770109;1.7863208817982688;2023-07-17
2023-07-24;2023;30;Agricultural;59596;3.1881334317739447;0.8389824820457749;2023-07-24
2023-07-24;2023;30;Industrial;341484;3.6604936102423538;1.6106171885066358;2023-07-24
2023-07-31;2023;31;Agricultural;59596;3.1881334317739447;1.1745754748640849;2023-07-31
2023-07-31;2023;31;Industrial;341484;3.5140738658326596;1.4349134952150027;2023-07-31
2023-08-07;2023;32;Agricultural;59596;2.5169474461373245;1.00677897845493;2023-08-07
2023-08-07;2023;32;Industrial;341484;3.5140738658326596;1.2592098019233697;2023-08-07
2023-08-14;2023;33;Agricultural;59596;5.369487885092959;2.181354453319015;2023-08-14
2023-08-14;2023;33;Industrial;341484;3.191950428131333;1.6106171885066358;2023-08-14
2023-08-21;2023;34;Agricultural;59596;3.1881334317739447;1.6779649640915497;2023-08-21
2023-08-21;2023;34;Industrial;341484;4.421876281172763;2.079160370617657;2023-08-21
2023-08-28;2023;35;Agricultural;59596;2.6847439425464796;2.181354453319015;2023-08-28
2023-08-28;2023;35;Industrial;341484;3.279802274777149;1.3763455974511252;2023-08-28
2023-09-04;2023;36;Agricultural;59596;2.3491509497281697;1.8457614605007047;2023-09-04
2023-09-04;2023;36;Industrial;341484;2.5769875016106174;1.5227653418608191;2023-09-04
2023-09-11;2023;37;Agricultural;59596;3.1881334317739447;1.00677897845493;2023-09-11
2023-09-11;2023;37;Industrial;341484;3.8654812524159254;1.7863208817982688;2023-09-11
2023-09-18;2023;38;Agricultural;59596;4.194912410228874;2.01355795690986;2023-09-18
2023-09-18;2023;38;Industrial;341484;3.6019257124784763;1.4349134952150027;2023-09-18
2023-09-25;2023;39;Agricultural;59596;3.0203369353647895;1.1745754748640849;2023-09-25
2023-09-25;2023;39;Industrial;341484;4.919703412165724;1.581333239624697;2023-09-25
2023-10-02;2023;40;Agricultural;59596;4.194912410228874;1.1745754748640849;2023-10-02
2023-10-02;2023;40;Industrial;341484;4.099752843471436;1.8741727284440852;2023-10-02
2023-10-09;2023;41;Agricultural;59596;2.181354453319015;1.8457614605007047;2023-10-09
2023-10-09;2023;41;Industrial;341484;3.5726417635965375;1.6984690351524523;2023-10-09
2023-10-16;2023;42;Agricultural;59596;1.3423719712732398;2.01355795690986;2023-10-16
2023-10-16;2023;42;Industrial;341484;4.129036792353375;1.6984690351524523;2023-10-16
2023-10-23;2023;43;Agricultural;59596;2.181354453319015;2.3491509497281697;2023-10-23
2023-10-23;2023;43;Industrial;341484;3.9240491501798034;1.6691850862705133;2023-10-23
2023-10-30;2023;44;Agricultural;59596;3.1881334317739447;2.852540438955635;2023-10-30
2023-10-30;2023;44;Industrial;341484;4.597579974464397;1.727752984034391;2023-10-30
2023-11-06;2023;45;Agricultural;59596;3.3559299281830994;1.1745754748640849;2023-11-06
2023-11-06;2023;45;Industrial;341484;4.861135514401846;1.7863208817982688;2023-11-06
2023-11-13;2023;46;Agricultural;59596;4.36270890663803;2.01355795690986;2023-11-13
2023-11-13;2023;46;Industrial;341484;4.480444178936641;1.6691850862705133;2023-11-13
2023-11-20;2023;47;Agricultural;59596;3.6915229210014093;1.5101684676823948;2023-11-20
2023-11-20;2023;47;Industrial;341484;4.626863923346336;1.552049290742758;2023-11-20
2023-11-27;2023;48;Agricultural;59596;4.194912410228874;2.5169474461373245;2023-11-27
2023-11-27;2023;48;Industrial;341484;4.919703412165724;1.7863208817982688;2023-11-27
2023-12-04;2023;49;Agricultural;59596;3.3559299281830994;1.1745754748640849;2023-12-04
2023-12-04;2023;49;Industrial;341484;4.392592332290825;2.079160370617657;2023-12-04
2023-12-11;2023;50;Agricultural;59596;3.5237264245922546;1.5101684676823948;2023-12-11
2023-12-11;2023;50;Industrial;341484;4.480444178936641;2.108444319499596;2023-12-11
2023-12-18;2023;51;Agricultural;59596;5.369487885092959;3.3559299281830994;2023-12-18
2023-12-18;2023;51;Industrial;341484;5.1832589521031736;3.0455306837216383;2023-12-18
2023-12-25;2023;52;Agricultural;59596;4.866098395865494;2.5169474461373245;2023-12-25
2023-12-25;2023;52;Industrial;341484;4.392592332290825;3.836197303533987;2023-12-25
