WeekStart;Year;Week;Area;Population;Respiratory_rate_per_10000;Cardiocirculatory_rate_per_10000;NO2_population_weighted_mean;PM25_population_weighted_mean;TimeLabel
2016-01-04;2016;1;Agricultural;60892;1.642251855744597;2.627602969191355;32.34438514090521;30.79847927478158;2016-01-04
2016-01-04;2016;1;Industrial;338383;1.4185109772063016;3.2803066347895724;47.919472187263715;40.31402075669961;2016-01-04
2016-01-11;2016;2;Agricultural;60892;1.9707022268935164;2.627602969191355;32.55026135265247;15.255689229643115;2016-01-11
2016-01-11;2016;2;Industrial;338383;1.4776156012565644;3.8418005632670673;46.202071574855374;23.463900373245703;2016-01-11
2016-01-18;2016;3;Agricultural;60892;1.642251855744597;4.598305196084872;56.71971945646156;41.575020410844495;2016-01-18
2016-01-18;2016;3;Industrial;338383;1.3889586651811705;3.6644866911162794;59.61480887464374;50.5220369479892;2016-01-18
2016-01-25;2016;4;Agricultural;60892;2.299152598042436;3.777179268212573;53.05478036054467;44.86363444412121;2016-01-25
2016-01-25;2016;4;Industrial;338383;1.448063289231433;4.225980619593774;63.50141699114401;68.6123217942813;2016-01-25
2016-02-01;2016;5;Agricultural;60892;2.134927412467976;3.4487288970636536;35.42379036420454;26.021119358864873;2016-02-01
2016-02-01;2016;5;Industrial;338383;1.0934355449298576;3.9009051873173295;44.3159681696269;36.34807177496675;2016-02-01
2016-02-08;2016;6;Agricultural;60892;0.9853511134467582;2.9560533403402744;29.210311464794813;20.832082093824194;2016-02-08
2016-02-08;2016;6;Industrial;338383;1.654929473407352;3.989562123392724;45.98486448787321;24.328118053887373;2016-02-08
2016-02-15;2016;7;Agricultural;60892;3.1202785259147343;3.4487288970636536;29.72935337506217;21.37894492356491;2016-02-15
2016-02-15;2016;7;Industrial;338383;1.6253771613822208;4.0486667474429865;44.34097398509972;23.354602413748413;2016-02-15
2016-02-22;2016;8;Agricultural;60892;1.4780266701701372;4.269854824935952;24.76153048488659;21.567071911862687;2016-02-22
2016-02-22;2016;8;Industrial;338383;1.3298540411309079;4.107771371493248;38.80402637586066;25.921813025899223;2016-02-22
2016-02-29;2016;9;Agricultural;60892;1.3138014845956776;2.9560533403402744;21.69039212282167;19.3266673548484;2016-02-29
2016-02-29;2016;9;Industrial;338383;1.3889586651811705;3.7235913151665416;33.63868845150529;16.014799797862185;2016-02-29
2016-03-07;2016;10;Agricultural;60892;1.4780266701701372;3.4487288970636536;22.79167472152101;28.34805885830651;2016-03-07
2016-03-07;2016;10;Industrial;338383;0.9752262968293324;3.2212020107393102;38.59469953953276;30.097972669177487;2016-03-07
2016-03-14;2016;11;Agricultural;60892;1.149576299021218;3.6129540826381135;22.442260536218694;28.373957170071602;2016-03-14
2016-03-14;2016;11;Industrial;338383;1.6253771613822208;3.6644866911162794;37.85461849864968;26.456088852825683;2016-03-14
2016-03-21;2016;12;Agricultural;60892;2.134927412467976;3.4487288970636536;19.841028378112068;32.308766809620785;2016-03-21
2016-03-21;2016;12;Industrial;338383;1.6253771613822208;3.487172818965492;32.55116446663776;27.724515880357043;2016-03-21
2016-03-28;2016;13;Agricultural;60892;0.9853511134467582;3.9414044537870327;20.535518857743455;25.560261258809508;2016-03-28
2016-03-28;2016;13;Industrial;338383;1.1820924810052513;3.516725130990623;32.81775422693052;26.985147430152058;2016-03-28
2016-04-04;2016;14;Agricultural;60892;1.149576299021218;2.627602969191355;16.028530137667627;31.88852159795798;2016-04-04
2016-04-04;2016;14;Industrial;338383;1.3889586651811705;2.9847835145382597;29.52460656373737;34.32315242111538;2016-04-04
2016-04-11;2016;15;Agricultural;60892;0.6569007422978388;2.627602969191355;13.660406950009854;16.368277324724804;2016-04-11
2016-04-11;2016;15;Industrial;338383;1.4185109772063016;3.2212020107393102;28.43644108261096;14.304322954420627;2016-04-11
2016-04-18;2016;16;Agricultural;60892;1.4780266701701372;2.299152598042436;14.3765378515592;16.15200213961956;2016-04-18
2016-04-18;2016;16;Industrial;338383;1.1820924810052513;3.398515882890098;28.173584117067687;17.694792587098053;2016-04-18
2016-04-25;2016;17;Agricultural;60892;0.6569007422978388;2.627602969191355;12.824041628738469;13.963553739172868;2016-04-25
2016-04-25;2016;17;Industrial;338383;1.0934355449298576;3.1325450746639163;26.620335241427615;14.331793094975643;2016-04-25
2016-05-02;2016;18;Agricultural;60892;1.4780266701701372;3.1202785259147343;15.708960595339759;14.260118617505467;2016-05-02
2016-05-02;2016;18;Industrial;338383;1.2116447930303829;4.225980619593774;29.35978622701833;13.576449087065754;2016-05-02
2016-05-09;2016;19;Agricultural;60892;1.4780266701701372;2.9560533403402744;14.553571897786243;20.34002120850968;2016-05-09
2016-05-09;2016;19;Industrial;338383;1.0934355449298576;3.516725130990623;28.07547960236098;13.940537792974236;2016-05-09
2016-05-16;2016;20;Agricultural;60892;1.4780266701701372;3.1202785259147343;13.120541286211653;13.207446908343579;2016-05-16
2016-05-16;2016;20;Industrial;338383;1.0934355449298576;3.0734404506136537;27.22610009536953;10.125484605145227;2016-05-16
2016-05-23;2016;21;Agricultural;60892;1.149576299021218;2.9560533403402744;13.8640201386999;14.612923583675078;2016-05-23
2016-05-23;2016;21;Industrial;338383;0.7683601126534134;3.1620973866890476;32.02345735875789;18.04273348754011;2016-05-23
2016-05-30;2016;22;Agricultural;60892;1.149576299021218;4.434080010510412;14.984552275222642;16.828044500333142;2016-05-30
2016-05-30;2016;22;Industrial;338383;1.3298540411309079;3.309858946814704;27.140109200014695;14.131585468874873;2016-05-30
2016-06-06;2016;23;Agricultural;60892;1.149576299021218;2.4633777836168957;19.418423954354783;17.761976708176537;2016-06-06
2016-06-06;2016;23;Industrial;338383;1.0047786088544637;2.600603458211553;29.942201757011606;12.136455267720729;2016-06-06
2016-06-13;2016;24;Agricultural;60892;0.3284503711489194;3.1202785259147343;11.669801099839528;12.201846829515489;2016-06-13
2016-06-13;2016;24;Industrial;338383;0.9161216727790699;3.6349343790911486;22.697596299375054;12.251252068134121;2016-06-13
2016-06-20;2016;25;Agricultural;60892;0.4926755567233791;3.1202785259147343;16.386933540413473;16.328138343296327;2016-06-20
2016-06-20;2016;25;Industrial;338383;1.034330920879595;4.432846803769693;27.35223122066669;15.857757967408867;2016-06-20
2016-06-27;2016;26;Agricultural;60892;0.9853511134467582;1.3138014845956776;11.836391831908484;11.13812980358668;2016-06-27
2016-06-27;2016;26;Industrial;338383;1.2116447930303829;3.487172818965492;24.62342793309863;12.307449166856998;2016-06-27
2016-07-04;2016;27;Agricultural;60892;0.8211259278722985;3.284503711489194;14.774319638516904;14.778915363031503;2016-07-04
2016-07-04;2016;27;Industrial;338383;1.0638832329047263;3.398515882890098;23.90191549643029;13.726834048147472;2016-07-04
2016-07-11;2016;28;Agricultural;60892;1.4780266701701372;3.284503711489194;14.529009675209505;10.68486594532709;2016-07-11
2016-07-11;2016;28;Industrial;338383;0.827464736703676;4.0486667474429865;23.806104114483965;9.636620971756011;2016-07-11
2016-07-18;2016;29;Agricultural;60892;0.6569007422978388;4.762530381659332;17.06310634284588;16.880296262234776;2016-07-18
2016-07-18;2016;29;Industrial;338383;1.2116447930303829;3.014335826563391;28.30029463655089;16.23676299172409;2016-07-18
2016-07-25;2016;30;Agricultural;60892;1.4780266701701372;3.9414044537870327;18.471681478214354;14.518017848931597;2016-07-25
2016-07-25;2016;30;Industrial;338383;0.8865693607539386;2.7483650183372093;26.57853252506353;9.713555350002808;2016-07-25
2016-08-01;2016;31;Agricultural;60892;0.8211259278722985;3.6129540826381135;13.936261155582248;7.3064817334672165;2016-08-01
2016-08-01;2016;31;Industrial;338383;0.6797031765780196;2.955231202513129;30.485723531366187;7.101884973113728;2016-08-01
2016-08-08;2016;32;Agricultural;60892;1.149576299021218;2.9560533403402744;13.924142275316484;10.653975187920533;2016-08-08
2016-08-08;2016;32;Industrial;338383;0.6797031765780196;2.6597080822618158;31.82050824910573;8.961686271811189;2016-08-08
2016-08-15;2016;33;Agricultural;60892;0.8211259278722985;2.627602969191355;11.339944726494684;15.037769446608047;2016-08-15
2016-08-15;2016;33;Industrial;338383;0.7388078006282822;2.6301557702366845;30.074110697050383;9.428256907536305;2016-08-15
2016-08-22;2016;34;Agricultural;60892;1.8064770413190567;3.284503711489194;15.98072535918394;12.210356040202326;2016-08-22
2016-08-22;2016;34;Industrial;338383;0.8570170487288072;2.837021954412603;34.00378763539708;14.918918588024306;2016-08-22
2016-08-29;2016;35;Agricultural;60892;1.149576299021218;3.6129540826381135;18.548741800471095;22.4182416643988;2016-08-29
2016-08-29;2016;35;Industrial;338383;1.034330920879595;2.7188127063120784;41.027110615570436;13.934252016206488;2016-08-29
2016-09-05;2016;36;Agricultural;60892;0.4926755567233791;4.105629639361493;19.80927496926643;20.164049230018488;2016-09-05
2016-09-05;2016;36;Industrial;338383;0.7388078006282822;3.2803066347895724;39.56354523889034;12.792690953319592;2016-09-05
2016-09-12;2016;37;Agricultural;60892;1.9707022268935164;2.791828154765815;20.4948001614099;25.825923649365155;2016-09-12
2016-09-12;2016;37;Industrial;338383;0.9456739848042012;3.8122482512419356;38.007506245036794;18.43701663499644;2016-09-12
2016-09-19;2016;38;Agricultural;60892;0.9853511134467582;2.9560533403402744;21.202955349518117;20.977782678465854;2016-09-19
2016-09-19;2016;38;Industrial;338383;1.1525401689801202;3.3689635708649663;31.334614454204686;13.30339458964715;2016-09-19
2016-09-26;2016;39;Agricultural;60892;1.642251855744597;3.284503711489194;23.09808138061768;30.19276517675322;2016-09-26
2016-09-26;2016;39;Industrial;338383;1.0934355449298576;3.398515882890098;40.19914644479354;28.047859969324698;2016-09-26
2016-10-03;2016;40;Agricultural;60892;0.9853511134467582;3.777179268212573;19.202736695413893;19.688964536744212;2016-10-03
2016-10-03;2016;40;Industrial;338383;0.9752262968293324;3.516725130990623;35.76817477743943;14.932587376687701;2016-10-03
2016-10-10;2016;41;Agricultural;60892;0.8211259278722985;3.284503711489194;25.504591501581253;20.727057741575248;2016-10-10
2016-10-10;2016;41;Industrial;338383;1.1820924810052513;3.428068194915229;32.49616976705601;14.04417859559814;2016-10-10
2016-10-17;2016;42;Agricultural;60892;1.9707022268935164;3.284503711489194;25.621087921472206;35.1218949709556;2016-10-17
2016-10-17;2016;42;Industrial;338383;1.0934355449298576;3.605382067066017;31.635627127502605;27.558908101175295;2016-10-17
2016-10-24;2016;43;Agricultural;60892;1.3138014845956776;3.777179268212573;27.866160931297568;32.3334522010867;2016-10-24
2016-10-24;2016;43;Industrial;338383;1.3298540411309079;3.1916496987141794;39.105024484090514;24.123092556574736;2016-10-24
2016-10-31;2016;44;Agricultural;60892;1.9707022268935164;4.434080010510412;22.46744962978951;31.721983183340996;2016-10-31
2016-10-31;2016;44;Industrial;338383;1.2116447930303829;3.6940390031414108;40.43382772944098;32.08264684016125;2016-10-31
2016-11-07;2016;45;Agricultural;60892;2.627602969191355;2.299152598042436;38.385664783551206;22.440320567562242;2016-11-07
2016-11-07;2016;45;Industrial;338383;1.122987856954989;3.8122482512419356;41.01588880056031;24.86794211630861;2016-11-07
2016-11-14;2016;46;Agricultural;60892;0.9853511134467582;2.299152598042436;47.44541624046321;35.18218203657999;2016-11-14
2016-11-14;2016;46;Industrial;338383;1.3298540411309079;4.757922236046137;47.7933583289603;50.98456229437396;2016-11-14
2016-11-21;2016;47;Agricultural;60892;1.3138014845956776;2.4633777836168957;34.99132609491277;20.97311868319554;2016-11-21
2016-11-21;2016;47;Industrial;338383;1.5662725373319581;4.639712987945612;36.10213933408509;21.819346294414487;2016-11-21
2016-11-28;2016;48;Agricultural;60892;0.9853511134467582;1.642251855744597;35.81416019932245;30.13019772712343;2016-11-28
2016-11-28;2016;48;Industrial;338383;1.034330920879595;4.13732368351838;47.78439642146832;35.29164205733064;2016-11-28
2016-12-05;2016;49;Agricultural;60892;1.642251855744597;2.627602969191355;40.80877994763563;38.3367132440574;2016-12-05
2016-12-05;2016;49;Industrial;338383;1.1525401689801202;3.2507543227644415;52.83437740244466;56.50030037814294;2016-12-05
2016-12-12;2016;50;Agricultural;60892;1.149576299021218;2.134927412467976;41.732879993618674;35.58301348523381;2016-12-12
2016-12-12;2016;50;Industrial;338383;1.4185109772063016;3.6940390031414108;51.778607630153665;46.63614855693949;2016-12-12
2016-12-19;2016;51;Agricultural;60892;1.642251855744597;2.9560533403402744;43.26335455748351;32.43425127391823;2016-12-19
2016-12-19;2016;51;Industrial;338383;1.5958248493570897;4.3737421797194305;54.86020426558072;41.38919170627029;2016-12-19
2016-12-26;2016;52;Agricultural;60892;2.134927412467976;2.791828154765815;39.374522678316985;34.91148299376479;2016-12-26
2016-12-26;2016;52;Industrial;338383;3.398515882890098;4.255532931618905;43.97520186810274;30.6076235034872;2016-12-26
2017-01-02;2017;1;Agricultural;60562;1.8163204649780391;3.6326409299560782;36.853346747371056;29.01957380158232;2017-01-02
2017-01-02;2017;1;Industrial;338533;2.628990379076781;4.16502970168344;40.58569930511101;30.291482872950557;2017-01-02
2017-01-09;2017;2;Agricultural;60562;1.8163204649780391;4.458241141309732;36.94183788042478;29.70937693131478;2017-01-09
2017-01-09;2017;2;Industrial;338533;2.510833508107038;5.110284669441384;50.7713330753575;32.942968210315854;2017-01-09
2017-01-16;2017;3;Agricultural;60562;2.641920676331693;4.12800105676827;48.15562446041129;25.96473035897097;2017-01-16
2017-01-16;2017;3;Industrial;338533;1.9200491532583235;4.342265008138054;52.085609463690176;24.629338097868494;2017-01-16
2017-01-23;2017;4;Agricultural;60562;2.972160760873155;2.972160760873155;50.46678704704034;37.56150249803035;2017-01-23
2017-01-23;2017;4;Industrial;338533;1.979127588743195;4.312725790395619;59.06151061027602;43.06141709755242;2017-01-23
2017-01-30;2017;5;Agricultural;60562;2.972160760873155;4.788481225851194;41.60783706897772;47.94516363396189;2017-01-30
2017-01-30;2017;5;Industrial;338533;2.422215854879731;3.840098306516647;52.83238194546133;77.69376059983179;2017-01-30
2017-02-06;2017;6;Agricultural;60562;1.4860803804365774;3.7977609722268086;30.453395103954865;28.324807635150755;2017-02-06
2017-02-06;2017;6;Industrial;338533;2.0086668064856306;3.810559088774211;39.89143134811504;28.36778858022282;2017-02-06
2017-02-13;2017;7;Agricultural;60562;0.8256002113536541;3.467520887685347;30.874406629333812;45.10002500389211;2017-02-13
2017-02-13;2017;7;Industrial;338533;1.6541961935764016;4.017333612971261;46.57770514881225;38.06782035598133;2017-02-13
2017-02-20;2017;8;Agricultural;60562;2.1465605495195006;2.4768006340609623;26.210806399109295;40.63900041044125;2017-02-20
2017-02-20;2017;8;Industrial;338533;2.0086668064856306;3.0720786452133173;47.09651251555556;54.06103857357649;2017-02-20
2017-02-27;2017;9;Agricultural;60562;0.990720253624385;3.7977609722268086;23.96891355729901;27.76150532865965;2017-02-27
2017-02-27;2017;9;Industrial;338533;1.4178824516369157;3.928715959743954;36.34407225967842;23.30736653231949;2017-02-27
2017-03-06;2017;10;Agricultural;60562;1.6512004227073083;1.4860803804365774;30.083748413668165;22.749836059386602;2017-03-06
2017-03-06;2017;10;Industrial;338533;1.6541961935764016;4.460421879107797;38.5403798996595;13.77702912271477;2017-03-06
2017-03-13;2017;11;Agricultural;60562;1.1558402958951157;2.8070407186024244;32.46579302438587;45.113850269145665;2017-03-13
2017-03-13;2017;11;Industrial;338533;1.1815687096974299;3.5742453468347253;48.218188688927135;48.61804019105966;2017-03-13
2017-03-20;2017;12;Agricultural;60562;1.8163204649780391;3.96288101449754;22.741468011530095;36.33095010072323;2017-03-20
2017-03-20;2017;12;Industrial;338533;1.506500104864223;3.5151669113498536;33.111622627209584;34.60614601404125;2017-03-20
2017-03-27;2017;13;Agricultural;60562;1.6512004227073083;2.4768006340609623;24.843654200889763;32.79067968127114;2017-03-27
2017-03-27;2017;13;Industrial;338533;1.6837354113188374;3.9877943952288253;36.5712287175211;18.169544560120958;2017-03-27
2017-04-03;2017;14;Agricultural;60562;1.1558402958951157;2.8070407186024244;20.020129312581677;19.02631777588021;2017-04-03
2017-04-03;2017;14;Industrial;338533;1.2997255806671728;3.662863000062032;31.619890696454576;19.078683614300527;2017-04-03
2017-04-10;2017;15;Agricultural;60562;1.1558402958951157;2.4768006340609623;17.00655903985054;22.444533818943516;2017-04-10
2017-04-10;2017;15;Industrial;338533;1.0338726209852511;4.046872830713697;30.703081151404948;23.641842892716518;2017-04-10
2017-04-17;2017;16;Agricultural;60562;0.990720253624385;3.6326409299560782;15.26900531686536;16.542301395972014;2017-04-17
2017-04-17;2017;16;Industrial;338533;1.0929510564701226;3.2788531694103678;26.701621281065233;10.774195467755622;2017-04-17
2017-04-24;2017;17;Agricultural;60562;1.3209603381658466;3.1372808031438852;15.215093858949743;16.926729160671236;2017-04-24
2017-04-24;2017;17;Industrial;338533;1.3588040161520443;4.105951266198568;23.548094994748347;11.581405231226666;2017-04-24
2017-05-01;2017;18;Agricultural;60562;0.8256002113536541;2.972160760873155;15.020888157118796;14.481716493605136;2017-05-01
2017-05-01;2017;18;Industrial;338533;1.1815687096974299;3.6333237823195965;24.377359413368016;11.106268601794886;2017-05-01
2017-05-08;2017;19;Agricultural;60562;1.3209603381658466;3.3024008454146165;14.011356484735831;12.528530384446636;2017-05-08
2017-05-08;2017;19;Industrial;338533;1.063411838727687;3.928715959743954;26.951142302649544;9.999683508381333;2017-05-08
2017-05-15;2017;20;Agricultural;60562;0.6604801690829233;3.96288101449754;17.565524586374295;10.85482174112008;2017-05-15
2017-05-15;2017;20;Industrial;338533;1.5951177580915301;3.721941435546904;25.017955666698036;12.190718693387563;2017-05-15
2017-05-22;2017;21;Agricultural;60562;1.4860803804365774;3.7977609722268086;19.77797581699038;11.944720168705505;2017-05-22
2017-05-22;2017;21;Industrial;338533;1.063411838727687;3.928715959743954;30.356052944405924;12.35149052782784;2017-05-22
2017-05-29;2017;22;Agricultural;60562;0.33024008454146164;2.972160760873155;20.335420136153267;11.319714861275575;2017-05-29
2017-05-29;2017;22;Industrial;338533;1.5655785403490945;4.1354904839410045;30.681809707515328;13.245034562994702;2017-05-29
2017-06-05;2017;23;Agricultural;60562;1.3209603381658466;2.972160760873155;25.250033967551555;12.079212801992764;2017-06-05
2017-06-05;2017;23;Industrial;338533;1.2997255806671728;3.7514806532893394;24.76200075029613;12.78340115397064;2017-06-05
2017-06-12;2017;24;Agricultural;60562;1.98144050724877;4.12800105676827;21.92102921681205;12.519142130614672;2017-06-12
2017-06-12;2017;24;Industrial;338533;1.4178824516369157;4.046872830713697;28.652026960022045;16.890609102889737;2017-06-12
2017-06-19;2017;25;Agricultural;60562;1.4860803804365774;3.467520887685347;22.89623597069355;12.717147008732493;2017-06-19
2017-06-19;2017;25;Industrial;338533;1.860970717773452;4.667196403304848;35.80995332381608;14.973239156680652;2017-06-19
2017-06-26;2017;26;Agricultural;60562;1.1558402958951157;4.458241141309732;15.633819887057893;12.026848518873221;2017-06-26
2017-06-26;2017;26;Industrial;338533;0.9747941855003797;3.7810198710317753;21.3577833095824;8.198895992836318;2017-06-26
2017-07-03;2017;27;Agricultural;60562;0.990720253624385;2.641920676331693;22.76236513230833;14.614645204206315;2017-07-03
2017-07-03;2017;27;Industrial;338533;1.3292647984096086;4.1354904839410045;31.841352161912045;13.428360856147808;2017-07-03
2017-07-10;2017;28;Agricultural;60562;0.990720253624385;3.7977609722268086;17.379613571923933;13.88136596734397;2017-07-10
2017-07-10;2017;28;Industrial;338533;1.0929510564701226;3.692402217804468;22.503365571872926;11.884891998290103;2017-07-10
2017-07-17;2017;29;Agricultural;60562;1.1558402958951157;2.972160760873155;21.16266423547062;12.484448050875844;2017-07-17
2017-07-17;2017;29;Industrial;338533;1.152029491954994;3.544706129092289;30.552491147729427;13.290900528372207;2017-07-17
2017-07-24;2017;30;Agricultural;60562;0.6604801690829233;3.467520887685347;17.78724117433374;11.205480098317192;2017-07-24
2017-07-24;2017;30;Industrial;338533;0.7089412258184579;3.249313951667932;32.23770124119573;9.16215806773005;2017-07-24
2017-07-31;2017;31;Agricultural;60562;1.1558402958951157;2.3116805917902314;19.848850528620023;26.80702892431369;2017-07-31
2017-07-31;2017;31;Industrial;338533;1.2111079274398655;3.5742453468347253;27.412712117957692;19.877565428312327;2017-07-31
2017-08-07;2017;32;Agricultural;60562;1.3209603381658466;3.3024008454146165;13.903850127614204;10.271136544839527;2017-08-07
2017-08-07;2017;32;Industrial;338533;1.4178824516369157;3.662863000062032;18.74164514875317;8.693148294046877;2017-08-07
2017-08-14;2017;33;Agricultural;60562;0.6604801690829233;2.3116805917902314;18.23686965423863;9.421282558134049;2017-08-14
2017-08-14;2017;33;Industrial;338533;0.915715750015508;2.9539217742435744;15.435706964208174;7.784064942392196;2017-08-14
2017-08-21;2017;34;Agricultural;60562;1.1558402958951157;2.3116805917902314;18.777028499719297;11.931991772304182;2017-08-21
2017-08-21;2017;34;Industrial;338533;1.4178824516369157;3.2788531694103678;22.72562847850663;14.310737801041553;2017-08-21
2017-08-28;2017;35;Agricultural;60562;0.6604801690829233;3.1372808031438852;16.615021206131143;16.55082630786868;2017-08-28
2017-08-28;2017;35;Industrial;338533;1.0338726209852511;3.101617862955753;22.559331502183163;10.841703552006535;2017-08-28
2017-09-04;2017;36;Agricultural;60562;0.8256002113536541;2.3116805917902314;19.406155439290078;16.808012567994073;2017-09-04
2017-09-04;2017;36;Industrial;338533;0.9747941855003797;2.894843338758703;24.501306983788453;9.844323258631464;2017-09-04
2017-09-11;2017;37;Agricultural;60562;1.4860803804365774;2.972160760873155;16.440833242910454;15.657099925931865;2017-09-11
2017-09-11;2017;37;Industrial;338533;0.7680196613033293;2.865304121016267;27.457923747463322;13.322660251311225;2017-09-11
2017-09-18;2017;38;Agricultural;60562;1.1558402958951157;2.4768006340609623;21.160734689833795;15.587053645142875;2017-09-18
2017-09-18;2017;38;Industrial;338533;1.1815687096974299;3.5151669113498536;26.494744086987087;11.357832597877143;2017-09-18
2017-09-25;2017;39;Agricultural;60562;1.1558402958951157;1.6512004227073083;21.164260474507824;19.351064080729547;2017-09-25
2017-09-25;2017;39;Industrial;338533;1.4474216693793516;3.5151669113498536;22.76336141106311;18.12713383924167;2017-09-25
2017-10-02;2017;40;Agricultural;60562;0.990720253624385;4.293121099039001;22.20303443460539;27.892969188600112;2017-10-02
2017-10-02;2017;40;Industrial;338533;1.270186362924737;3.7810198710317753;31.52224703985389;25.14189880623581;2017-10-02
2017-10-09;2017;41;Agricultural;60562;1.1558402958951157;2.3116805917902314;30.849484353696564;43.33166247576274;2017-10-09
2017-10-09;2017;41;Industrial;338533;1.3292647984096086;3.721941435546904;32.26126222765369;37.27038511966126;2017-10-09
2017-10-16;2017;42;Agricultural;60562;0.990720253624385;3.1372808031438852;23.772731368562088;50.99765057768426;2017-10-16
2017-10-16;2017;42;Industrial;338533;1.152029491954994;3.4856276936074178;34.324331073864506;51.27372094132203;2017-10-16
2017-10-23;2017;43;Agricultural;60562;1.6512004227073083;4.458241141309732;35.070062085135895;25.972151325442166;2017-10-23
2017-10-23;2017;43;Industrial;338533;1.4178824516369157;3.8991767420015186;32.18935106980497;20.605467877999654;2017-10-23
2017-10-30;2017;44;Agricultural;60562;1.1558402958951157;3.467520887685347;32.7467943123222;32.31321856704109;2017-10-30
2017-10-30;2017;44;Industrial;338533;1.0929510564701226;3.8696375242590824;30.492328243163463;31.333830295506115;2017-10-30
2017-11-06;2017;45;Agricultural;60562;1.6512004227073083;4.12800105676827;29.24265215811895;15.69937301561092;2017-11-06
2017-11-06;2017;45;Industrial;338533;1.506500104864223;3.3379316048952394;32.13492907000837;18.990213657161934;2017-11-06
2017-11-13;2017;46;Agricultural;60562;1.98144050724877;3.1372808031438852;38.79497280237018;23.65513971514434;2017-11-13
2017-11-13;2017;46;Industrial;338533;1.4474216693793516;4.194568919425875;42.43274312569655;21.600258003967536;2017-11-13
2017-11-20;2017;47;Agricultural;60562;1.6512004227073083;4.12800105676827;40.52038855104804;30.765739478315023;2017-11-20
2017-11-20;2017;47;Industrial;338533;1.0338726209852511;3.249313951667932;49.931274393591515;41.39277749246644;2017-11-20
2017-11-27;2017;48;Agricultural;60562;1.4860803804365774;4.623361183580463;36.44383418173584;19.152356263003206;2017-11-27
2017-11-27;2017;48;Industrial;338533;1.3292647984096086;4.37180422588049;43.31629784140056;21.830237271656575;2017-11-27
2017-12-04;2017;49;Agricultural;60562;1.3209603381658466;4.12800105676827;44.145041445130616;29.752565257799564;2017-12-04
2017-12-04;2017;49;Industrial;338533;1.0338726209852511;4.342265008138054;59.44543819530571;35.69160465892542;2017-12-04
2017-12-11;2017;50;Agricultural;60562;0.8256002113536541;5.448961394934117;39.52836644383324;23.595434666716987;2017-12-11
2017-12-11;2017;50;Industrial;338533;1.4474216693793516;3.8991767420015186;53.896824112103864;32.0869866664191;2017-12-11
2017-12-18;2017;51;Agricultural;60562;2.3116805917902314;4.458241141309732;53.86379436421707;38.69542192888515;2017-12-18
2017-12-18;2017;51;Industrial;338533;1.713274629061273;5.169363104926255;58.560825680214336;39.44125599065886;2017-12-18
2017-12-25;2017;52;Agricultural;60562;2.3116805917902314;5.448961394934117;35.61465864969547;24.034587931140226;2017-12-25
2017-12-25;2017;52;Industrial;338533;1.8905099355158876;3.5742453468347253;38.422986111081805;27.86125598221908;2017-12-25
2018-01-01;2018;1;Agricultural;60224;2.98884165781084;4.649309245483528;36.04442154053438;23.089008178988916;2018-01-01
2018-01-01;2018;1;Industrial;338804;1.918513358756095;4.89958796236172;45.60188334764137;32.59094006311277;2018-01-01
2018-01-08;2018;2;Agricultural;60224;2.98884165781084;4.483262486716259;30.20309060459997;26.084795335509337;2018-01-08
2018-01-08;2018;2;Industrial;338804;1.9480289488908042;5.22425945384352;36.179851561880696;28.7982221495108;2018-01-08
2018-01-15;2018;3;Agricultural;60224;2.1586078639744954;5.313496280552603;39.446335822453314;26.489354030666465;2018-01-15
2018-01-15;2018;3;Industrial;338804;1.4462639166007487;4.1616982089939905;47.98328089396819;34.95163954886686;2018-01-15
2018-01-22;2018;4;Agricultural;60224;2.6567481402763016;3.6530286928799147;38.29212985805374;28.71812376650979;2018-01-22
2018-01-22;2018;4;Industrial;338804;1.8299665883519676;4.486369700475791;40.26052462696511;42.24951510101921;2018-01-22
2018-01-29;2018;5;Agricultural;60224;1.49442082890542;4.151168969181722;31.959501195536664;19.555682594504326;2018-01-29
2018-01-29;2018;5;Industrial;338804;1.8594821784866766;5.342321814382357;39.17638520881015;33.35010254559315;2018-01-29
2018-02-05;2018;6;Agricultural;60224;0.9962805526036131;2.8227948990435707;32.534564293304996;31.865098868984365;2018-02-05
2018-02-05;2018;6;Industrial;338804;1.357717146196621;4.515885290610501;39.82254455589157;32.82500796920933;2018-02-05
2018-02-12;2018;7;Agricultural;60224;1.8265143464399574;3.819075451647184;35.7999138928951;32.10388122438136;2018-02-12
2018-02-12;2018;7;Industrial;338804;1.5052950968701668;4.102667028724572;40.35967504178564;34.34114076912568;2018-02-12
2018-02-19;2018;8;Agricultural;60224;0.6641870350690754;3.6530286928799147;23.594597787308334;22.216864183239718;2018-02-19
2018-02-19;2018;8;Industrial;338804;1.8004509982172583;4.752010011688174;40.73630130863694;31.60612794249351;2018-02-19
2018-02-26;2018;9;Agricultural;60224;1.162327311370882;2.324654622741764;27.119876983072718;32.42683268179748;2018-02-26
2018-02-26;2018;9;Industrial;338804;1.5052950968701668;4.397822930071664;56.75430354170215;37.4602235257806;2018-02-26
2018-03-05;2018;10;Agricultural;60224;1.8265143464399574;3.154888416578108;34.554963849248516;34.240675288446944;2018-03-05
2018-03-05;2018;10;Industrial;338804;1.6233574574090035;4.840556782092301;49.458591566636926;29.417498865758034;2018-03-05
2018-03-12;2018;11;Agricultural;60224;2.4907013815090333;2.8227948990435707;19.25602607408532;23.666348015029605;2018-03-12
2018-03-12;2018;11;Industrial;338804;1.8889977686213857;4.663463241284046;35.66428997296372;18.908209887891356;2018-03-12
2018-03-19;2018;12;Agricultural;60224;1.6604675876726886;3.3209351753453773;16.068240710869897;23.014230207226355;2018-03-19
2018-03-19;2018;12;Industrial;338804;1.5348106870048759;4.132182618859281;37.7335674903484;21.671152474165428;2018-03-19
2018-03-26;2018;13;Agricultural;60224;1.3283740701381508;3.9851222104144526;18.41431773758919;30.225218707302265;2018-03-26
2018-03-26;2018;13;Industrial;338804;1.2101391955230751;4.89958796236172;32.08750373161389;23.53679539961579;2018-03-26
2018-04-02;2018;14;Agricultural;60224;1.6604675876726886;2.8227948990435707;17.384560023531197;24.150915154850463;2018-04-02
2018-04-02;2018;14;Industrial;338804;1.328201556061912;4.220729389263409;33.874473652697645;20.940736489871092;2018-04-02
2018-04-09;2018;15;Agricultural;60224;2.1586078639744954;3.154888416578108;15.531069957871564;20.977543361925004;2018-04-09
2018-04-09;2018;15;Industrial;338804;1.4757795067354578;3.925573487916317;27.243138089110097;19.58239825132778;2018-04-09
2018-04-16;2018;16;Agricultural;60224;1.162327311370882;3.6530286928799147;20.98300724912707;22.052243054501293;2018-04-16
2018-04-16;2018;16;Industrial;338804;1.0330456547148203;4.220729389263409;30.78984355893926;18.295669894266723;2018-04-16
2018-04-23;2018;17;Agricultural;60224;1.49442082890542;3.3209351753453773;17.494687689767723;26.117580081979657;2018-04-23
2018-04-23;2018;17;Industrial;338804;1.5938418672742944;3.807511127377481;28.202819118344024;24.379287982769643;2018-04-23
2018-04-30;2018;18;Agricultural;60224;1.49442082890542;4.649309245483528;13.943812386139367;24.231153692879918;2018-04-30
2018-04-30;2018;18;Industrial;338804;1.328201556061912;3.2171993246832975;22.39313378826696;19.866052348850666;2018-04-30
2018-05-07;2018;19;Agricultural;60224;1.8265143464399574;3.154888416578108;13.359388520950358;17.24102398664035;2018-05-07
2018-05-07;2018;19;Industrial;338804;1.357717146196621;4.486369700475791;22.79794546193585;14.149508691919644;2018-05-07
2018-05-14;2018;20;Agricultural;60224;1.3283740701381508;4.151168969181722;11.240983423789283;12.038247684833763;2018-05-14
2018-05-14;2018;20;Industrial;338804;1.2691703757924935;3.3647772753568432;24.754800204753867;12.149375871764036;2018-05-14
2018-05-21;2018;21;Agricultural;60224;1.3283740701381508;4.981402763018067;16.55811162137544;24.60543731972066;2018-05-21
2018-05-21;2018;21;Industrial;338804;1.180623605388366;4.1616982089939905;20.617837283081492;18.657015349793475;2018-05-21
2018-05-28;2018;22;Agricultural;60224;1.6604675876726886;3.819075451647184;17.09245412365265;28.208609287232427;2018-05-28
2018-05-28;2018;22;Industrial;338804;1.2101391955230751;3.305746095087425;21.121821339603006;25.499230908051345;2018-05-28
2018-06-04;2018;23;Agricultural;60224;1.8265143464399574;3.9851222104144526;13.234288418475785;22.315353632154245;2018-06-04
2018-06-04;2018;23;Industrial;338804;0.9740144744454021;3.4828396358956804;22.830918297473296;23.121933119359362;2018-06-04
2018-06-11;2018;24;Agricultural;60224;1.162327311370882;4.317215727948991;21.023590500227723;20.22880768938819;2018-06-11
2018-06-11;2018;24;Industrial;338804;1.2691703757924935;3.6009019964345166;22.938860225971357;19.868432570369382;2018-06-11
2018-06-18;2018;25;Agricultural;60224;0.8302337938363443;2.8227948990435707;18.508872827159557;8.454600444056476;2018-06-18
2018-06-18;2018;25;Industrial;338804;1.2396547856577844;3.5418708161650985;19.5484719357336;9.799043526219121;2018-06-18
2018-06-25;2018;26;Agricultural;60224;1.3283740701381508;2.98884165781084;18.705742371337482;8.427345054653104;2018-06-25
2018-06-25;2018;26;Industrial;338804;0.9444988843106928;3.3352616852221346;20.18635806290025;9.917681440765582;2018-06-25
2018-07-02;2018;27;Agricultural;60224;1.49442082890542;3.6530286928799147;15.23199934530135;12.835703848489448;2018-07-02
2018-07-02;2018;27;Industrial;338804;1.0625612448495296;3.187683734548589;19.183874452485806;14.096826736739489;2018-07-02
2018-07-09;2018;28;Agricultural;60224;1.49442082890542;3.3209351753453773;13.849896576590254;11.44843299301655;2018-07-09
2018-07-09;2018;28;Industrial;338804;1.5643262771395852;3.3647772753568432;19.970046946654367;13.086068304135386;2018-07-09
2018-07-16;2018;29;Agricultural;60224;1.162327311370882;3.154888416578108;16.19894180772734;14.142935422043418;2018-07-16
2018-07-16;2018;29;Industrial;338804;1.3872327363313302;4.073151438589863;20.732441470584764;11.87545095605213;2018-07-16
2018-07-23;2018;30;Agricultural;60224;0.8302337938363443;1.49442082890542;15.418716790648247;13.080629933960832;2018-07-23
2018-07-23;2018;30;Industrial;338804;1.6233574574090035;3.305746095087425;18.082014337830383;10.735095048633259;2018-07-23
2018-07-30;2018;31;Agricultural;60224;0.9962805526036131;3.819075451647184;14.860889109230301;14.38202614999241;2018-07-30
2018-07-30;2018;31;Industrial;338804;1.2101391955230751;3.3352616852221346;17.726950896177645;11.167726135802074;2018-07-30
2018-08-06;2018;32;Agricultural;60224;1.49442082890542;1.9925611052072263;13.888505057309853;17.70388407089722;2018-08-06
2018-08-06;2018;32;Industrial;338804;1.4757795067354578;3.5713864062998075;16.34509940007455;16.37342955977919;2018-08-06
2018-08-13;2018;33;Agricultural;60224;0.9962805526036131;1.8265143464399574;16.41616322870806;10.214603575223927;2018-08-13
2018-08-13;2018;33;Industrial;338804;1.180623605388366;4.102667028724572;14.530786278455137;8.245629162752337;2018-08-13
2018-08-20;2018;34;Agricultural;60224;1.49442082890542;2.6567481402763016;14.937056417944437;10.578703791559132;2018-08-20
2018-08-20;2018;34;Industrial;338804;0.8264365237718563;3.453324045760971;15.291076172148413;9.611107644200525;2018-08-20
2018-08-27;2018;35;Agricultural;60224;1.3283740701381508;3.3209351753453773;14.106289376802794;11.221473166843783;2018-08-27
2018-08-27;2018;35;Industrial;338804;1.0920768349842387;2.8334966529320784;20.3250839929365;8.55227759159531;2018-08-27
2018-09-03;2018;36;Agricultural;60224;1.9925611052072263;2.98884165781084;15.572490796265372;23.06815033399119;2018-09-03
2018-09-03;2018;36;Industrial;338804;1.0625612448495296;3.305746095087425;21.694730666023506;12.112898818870415;2018-09-03
2018-09-10;2018;37;Agricultural;60224;1.162327311370882;1.9925611052072263;20.111352854106574;41.79360862304539;2018-09-10
2018-09-10;2018;37;Industrial;338804;1.4462639166007487;3.7189643569733533;24.51758538860226;22.494295058078247;2018-09-10
2018-09-17;2018;38;Agricultural;60224;1.9925611052072263;2.8227948990435707;20.608963678457567;29.445088336875664;2018-09-17
2018-09-17;2018;38;Industrial;338804;0.9740144744454021;3.866542307646899;25.969476663287832;21.159223537586836;2018-09-17
2018-09-24;2018;39;Agricultural;60224;1.3283740701381508;2.4907013815090333;22.219357019508124;17.974599590101715;2018-09-24
2018-09-24;2018;39;Industrial;338804;1.2691703757924935;3.423808455626262;27.904345622500664;10.834463920985922;2018-09-24
2018-10-01;2018;40;Agricultural;60224;1.49442082890542;2.324654622741764;26.307700774252314;17.063776187945955;2018-10-01
2018-10-01;2018;40;Industrial;338804;1.151108015253657;3.659933176703935;32.71655731843274;18.3919957092765;2018-10-01
2018-10-08;2018;41;Agricultural;60224;0.6641870350690754;3.819075451647184;23.658181123804464;26.915588944132384;2018-10-08
2018-10-08;2018;41;Industrial;338804;1.357717146196621;3.5713864062998075;28.711945676134707;23.97786119914253;2018-10-08
2018-10-15;2018;42;Agricultural;60224;1.49442082890542;3.6530286928799147;26.804301559890693;26.901377713678453;2018-10-15
2018-10-15;2018;42;Industrial;338804;1.7709354080825492;3.7189643569733533;32.741392832265426;24.17056384896788;2018-10-15
2018-10-22;2018;43;Agricultural;60224;0.9962805526036131;3.154888416578108;24.716542052527707;14.124824464855015;2018-10-22
2018-10-22;2018;43;Industrial;338804;1.2986859659272025;4.633947651149337;37.0324073589956;15.862871411536718;2018-10-22
2018-10-29;2018;44;Agricultural;60224;1.3283740701381508;2.324654622741764;18.767841249810232;25.935075717321997;2018-10-29
2018-10-29;2018;44;Industrial;338804;1.4167483264660392;3.5418708161650985;24.100786759137605;21.76494247833134;2018-10-29
2018-11-05;2018;45;Agricultural;60224;0.8302337938363443;2.98884165781084;20.897694322149693;20.76389099741916;2018-11-05
2018-11-05;2018;45;Industrial;338804;1.5643262771395852;3.2171993246832975;26.364197251845564;18.99024973562464;2018-11-05
2018-11-12;2018;46;Agricultural;60224;1.8265143464399574;3.154888416578108;25.931189511537877;21.361469561257024;2018-11-12
2018-11-12;2018;46;Industrial;338804;1.0625612448495296;4.132182618859281;28.485724110189288;24.888238796303636;2018-11-12
2018-11-19;2018;47;Agricultural;60224;1.3283740701381508;3.4869819341126465;23.317358290951876;26.46117115151055;2018-11-19
2018-11-19;2018;47;Industrial;338804;1.5643262771395852;3.5713864062998075;30.833100089896057;28.913904710182205;2018-11-19
2018-11-26;2018;48;Agricultural;60224;1.162327311370882;4.649309245483528;27.543606013739183;33.60681550781843;2018-11-26
2018-11-26;2018;48;Industrial;338804;1.4462639166007487;4.368307339936955;38.86117072323316;36.10701720505914;2018-11-26
2018-12-03;2018;49;Agricultural;60224;0.3320935175345377;4.649309245483528;28.608685431531807;35.84361241839988;2018-12-03
2018-12-03;2018;49;Industrial;338804;1.357717146196621;4.456854110341082;47.14975135223568;39.7480658855436;2018-12-03
2018-12-10;2018;50;Agricultural;60224;0.8302337938363443;2.6567481402763016;32.08517155002277;24.08633245407621;2018-12-10
2018-12-10;2018;50;Industrial;338804;1.6233574574090035;4.043635848455154;52.2825623158438;27.876543032887117;2018-12-10
2018-12-17;2018;51;Agricultural;60224;1.6604675876726886;2.8227948990435707;33.157786169728254;34.96156254744193;2018-12-17
2018-12-17;2018;51;Industrial;338804;2.0956068995643498;3.7484799471080628;50.35971092431022;46.9270475808179;2018-12-17
2018-12-24;2018;52;Agricultural;60224;2.1586078639744954;3.3209351753453773;32.79794268065887;33.84147515940489;2018-12-24
2018-12-24;2018;52;Industrial;338804;2.2136692601031864;4.073151438589863;43.31191510641635;38.022112236826345;2018-12-24
2018-12-31;2018;1;Agricultural;60224;1.6604675876726886;2.6567481402763016;35.474802066158766;27.183674423196987;2018-12-31
2018-12-31;2018;1;Industrial;338804;1.2986859659272025;3.423808455626262;46.30521905235131;30.63512429949441;2018-12-31
2019-01-07;2019;2;Agricultural;60103;1.8301915045837978;3.3276209174250866;37.8281086515767;30.29093389681048;2019-01-07
2019-01-07;2019;2;Industrial;340591;2.055251019551309;3.699451835192357;54.20699615835834;35.03034641046215;2019-01-07
2019-01-14;2019;3;Agricultural;60103;2.495715688068815;3.82676405503885;31.33864057178035;21.98006042008837;2019-01-14
2019-01-14;2019;3;Industrial;340591;2.055251019551309;3.7288125640430896;47.360081614437426;28.779248843501865;2019-01-14
2019-01-21;2019;4;Agricultural;60103;1.9965725504550522;3.6603830091675955;33.64599413863344;37.30223354669722;2019-01-21
2019-01-21;2019;4;Industrial;340591;2.55438341001377;4.286666412207016;38.98168553233308;38.22934755846665;2019-01-21
2019-01-28;2019;5;Agricultural;60103;2.1629535963263065;4.825050330266376;33.606236199286464;23.9607316963023;2019-01-28
2019-01-28;2019;5;Industrial;340591;2.965433613924032;4.374748598759216;42.00248614068739;28.788956339337883;2019-01-28
2019-02-04;2019;6;Agricultural;60103;2.1629535963263065;3.9931451009101044;44.40638570454054;38.38251953194635;2019-02-04
2019-02-04;2019;6;Industrial;340591;2.6718263254167023;3.9930591236996866;52.15339684758049;34.790645000685785;2019-02-04
2019-02-11;2019;7;Agricultural;60103;1.8301915045837978;4.825050330266376;41.37880780850018;35.55011515945247;2019-02-11
2019-02-11;2019;7;Industrial;340591;2.5250226811630374;4.374748598759216;51.468810097741866;30.608020847795242;2019-02-11
2019-02-18;2019;8;Agricultural;60103;2.1629535963263065;3.4940019632963413;36.11844500274528;33.228329462993294;2019-02-18
2019-02-18;2019;8;Industrial;340591;1.8203651887454455;3.7288125640430896;49.86897820888648;42.17087902247228;2019-02-18
2019-02-25;2019;9;Agricultural;60103;2.495715688068815;2.9948588256825786;42.04363247853091;36.668003261068506;2019-02-25
2019-02-25;2019;9;Industrial;340591;1.4386757136859165;3.640730377490891;57.23027216976205;39.0701046122769;2019-02-25
2019-03-04;2019;10;Agricultural;60103;0.9982862752275261;2.1629535963263065;29.204478027006022;21.229484622826053;2019-03-04
2019-03-04;2019;10;Industrial;340591;1.5561186290888487;4.345387869908483;43.37955885085463;22.197694176131655;2019-03-04
2019-03-11;2019;11;Agricultural;60103;1.6638104587125433;4.325907192652613;27.042147884227315;17.533902514968354;2019-03-11
2019-03-11;2019;11;Industrial;340591;1.6735615444917804;3.4939267332372257;38.32672153487824;20.498281348764774;2019-03-11
2019-03-18;2019;12;Agricultural;60103;0.6655241834850174;2.495715688068815;29.850067859697997;23.39944761492771;2019-03-18
2019-03-18;2019;12;Industrial;340591;1.4386757136859165;3.8462554794460218;38.33313337278856;18.82155178163;2019-03-18
2019-03-25;2019;13;Agricultural;60103;1.3310483669700348;2.9948588256825786;28.548356749484814;21.935643811457;2019-03-25
2019-03-25;2019;13;Industrial;340591;1.8497259175961784;3.963698394848954;36.85637377382256;19.536105517426222;2019-03-25
2019-04-01;2019;14;Agricultural;60103;2.495715688068815;3.82676405503885;19.674001060084947;19.753879649458902;2019-04-01
2019-04-01;2019;14;Industrial;340591;1.8497259175961784;3.7288125640430896;31.745183854786866;17.698906145074716;2019-04-01
2019-04-08;2019;15;Agricultural;60103;1.6638104587125433;2.495715688068815;14.333483710107174;21.676712120383815;2019-04-08
2019-04-08;2019;15;Industrial;340591;1.6148400867903143;3.904976937147488;30.117190497022612;20.13189384670428;2019-04-08
2019-04-15;2019;16;Agricultural;60103;1.9965725504550522;2.1629535963263065;17.593881693568896;20.697711785244852;2019-04-15
2019-04-15;2019;16;Industrial;340591;1.4386757136859165;3.611369648640158;26.99856216316428;17.34239810883351;2019-04-15
2019-04-22;2019;17;Agricultural;60103;1.6638104587125433;3.4940019632963413;9.517078538984267;12.297187447263152;2019-04-22
2019-04-22;2019;17;Industrial;340591;1.4386757136859165;3.7288125640430896;18.71238355849517;11.338998136432595;2019-04-22
2019-04-29;2019;18;Agricultural;60103;0.3327620917425087;3.9931451009101044;10.734097180792022;13.035745779269396;2019-04-29
2019-04-29;2019;18;Industrial;340591;1.1157076963278536;3.611369648640158;21.920538878428548;11.645241024320331;2019-04-29
2019-05-06;2019;19;Agricultural;60103;2.3293346421975607;3.3276209174250866;11.587501455834152;12.380729747267193;2019-05-06
2019-05-06;2019;19;Industrial;340591;1.2037898828800526;3.582008919789425;24.458742471594544;13.407039108910269;2019-05-06
2019-05-13;2019;20;Agricultural;60103;2.3293346421975607;2.828477779811324;10.315816182220521;10.904442611611971;2019-05-13
2019-05-13;2019;20;Industrial;340591;1.7910044598947126;3.7288125640430896;24.181612675781633;12.37238715728165;2019-05-13
2019-05-20;2019;21;Agricultural;60103;1.4974294128412893;4.159526146781358;10.666280504182108;17.86550707000601;2019-05-20
2019-05-20;2019;21;Industrial;340591;2.1139724772527755;3.523287462087959;22.766980127400394;16.550662986229398;2019-05-20
2019-05-27;2019;22;Agricultural;60103;0.6655241834850174;3.161239871553833;12.957654835389723;14.371426669930903;2019-05-27
2019-05-27;2019;22;Industrial;340591;1.5854793579395814;2.8479906985211003;22.477263722680366;14.387002928103545;2019-05-27
2019-06-03;2019;23;Agricultural;60103;1.9965725504550522;3.9931451009101044;15.42854338148084;15.705158525483634;2019-06-03
2019-06-03;2019;23;Industrial;340591;1.4386757136859165;3.523287462087959;22.49525530621772;20.3313593136636;2019-06-03
2019-06-10;2019;24;Agricultural;60103;1.4974294128412893;3.6603830091675955;14.918607343108617;9.884785879478326;2019-06-10
2019-06-10;2019;24;Industrial;340591;1.3212327982829846;3.8462554794460218;20.966373115303355;14.56729122529452;2019-06-10
2019-06-17;2019;25;Agricultural;60103;1.9965725504550522;4.325907192652613;21.057177797162492;9.896703516106873;2019-06-17
2019-06-17;2019;25;Industrial;340591;1.5854793579395814;3.464566004386493;22.041222631082025;12.818819556090945;2019-06-17
2019-06-24;2019;26;Agricultural;60103;1.8301915045837978;2.6620967339400696;25.120070545563447;11.68763860135339;2019-06-24
2019-06-24;2019;26;Industrial;340591;1.9084473752976443;4.02241985255042;22.013859857885684;11.658089279265411;2019-06-24
2019-07-01;2019;27;Agricultural;60103;0.9982862752275261;3.82676405503885;21.44689235859394;9.649717984127248;2019-07-01
2019-07-01;2019;27;Industrial;340591;1.4973971713873826;4.1398627679533515;24.610485806813955;14.186159604083155;2019-07-01
2019-07-08;2019;28;Agricultural;60103;1.3310483669700348;2.9948588256825786;14.678828487287301;9.444553516463404;2019-07-08
2019-07-08;2019;28;Industrial;340591;1.3799542559844504;3.523287462087959;20.36200465828935;10.83289550894097;2019-07-08
2019-07-15;2019;29;Agricultural;60103;1.4974294128412893;3.161239871553833;23.721206452732332;13.936033618478755;2019-07-15
2019-07-15;2019;29;Industrial;340591;1.6442008156410475;3.464566004386493;21.111357568797434;13.159318445206797;2019-07-15
2019-07-22;2019;30;Agricultural;60103;0.9982862752275261;3.161239871553833;19.274473582255222;13.545349530924295;2019-07-22
2019-07-22;2019;30;Industrial;340591;2.2020546638049745;3.14159798702843;21.953909360074526;19.59097610581942;2019-07-22
2019-07-29;2019;31;Agricultural;60103;0.9982862752275261;2.3293346421975607;18.479756893523263;11.374716260894987;2019-07-29
2019-07-29;2019;31;Industrial;340591;1.6442008156410475;3.317762360132828;20.348658822878043;11.702471795874146;2019-07-29
2019-08-05;2019;32;Agricultural;60103;0.9982862752275261;2.9948588256825786;15.565156956748059;10.418895182317973;2019-08-05
2019-08-05;2019;32;Industrial;340591;1.4973971713873826;3.640730377490891;17.811376191888304;11.817044909751413;2019-08-05
2019-08-12;2019;33;Agricultural;60103;1.4974294128412893;3.4940019632963413;14.207789009818859;6.835099745437;2019-08-12
2019-08-12;2019;33;Industrial;340591;1.1744291540293197;2.9067121562225657;14.845830545811754;8.378198064960193;2019-08-12
2019-08-19;2019;34;Agricultural;60103;1.3310483669700348;2.9948588256825786;15.155696055105404;9.6620919801959;2019-08-19
2019-08-19;2019;34;Industrial;340591;1.4386757136859165;3.14159798702843;14.280965229766577;10.058726490969267;2019-08-19
2019-08-26;2019;35;Agricultural;60103;1.3310483669700348;3.6603830091675955;16.24449789765664;15.825285640602681;2019-08-26
2019-08-26;2019;35;Industrial;340591;1.1450684251785868;3.1122372581776974;21.338331186504803;13.852104975511054;2019-08-26
2019-09-02;2019;36;Agricultural;60103;1.6638104587125433;4.159526146781358;14.934298739544733;11.206809263145885;2019-09-02
2019-09-02;2019;36;Industrial;340591;1.3799542559844504;3.347123088983561;23.073120756063933;11.792403708343942;2019-09-02
2019-09-09;2019;37;Agricultural;60103;0.8319052293562716;4.658669284395121;19.216254477432784;14.782520958069599;2019-09-09
2019-09-09;2019;37;Industrial;340591;1.1450684251785868;2.965433613924032;28.238324181873775;12.674478018670907;2019-09-09
2019-09-16;2019;38;Agricultural;60103;0.8319052293562716;2.9948588256825786;17.292030585589977;14.024631525405198;2019-09-16
2019-09-16;2019;38;Industrial;340591;1.4680364425366494;3.4058445466850267;28.130386341053388;16.98320817973128;2019-09-16
2019-09-23;2019;39;Agricultural;60103;1.3310483669700348;2.9948588256825786;19.329282826386134;19.027158140430355;2019-09-23
2019-09-23;2019;39;Industrial;340591;1.4386757136859165;3.758173292893823;29.68945639449411;18.65561584757923;2019-09-23
2019-09-30;2019;40;Agricultural;60103;0.8319052293562716;2.6620967339400696;22.61704003365651;14.409209428576181;2019-09-30
2019-09-30;2019;40;Industrial;340591;1.3505935271337175;3.8756162082967545;27.579982148676862;15.005598252113868;2019-09-30
2019-10-07;2019;41;Agricultural;60103;2.1629535963263065;4.159526146781358;23.004847155240647;21.59182926452447;2019-10-07
2019-10-07;2019;41;Industrial;340591;1.4680364425366494;3.4058445466850267;27.28071193056439;20.442677581028274;2019-10-07
2019-10-14;2019;42;Agricultural;60103;1.3310483669700348;2.6620967339400696;19.974965594776585;16.95116716303679;2019-10-14
2019-10-14;2019;42;Industrial;340591;2.143333206103508;3.7288125640430896;25.33503674495216;16.783405064390173;2019-10-14
2019-10-21;2019;43;Agricultural;60103;0.8319052293562716;5.490574513751393;20.084516579871224;18.819885387228116;2019-10-21
2019-10-21;2019;43;Industrial;340591;1.7616437310439794;3.611369648640158;24.047806648695108;14.758510521836623;2019-10-21
2019-10-28;2019;44;Agricultural;60103;1.6638104587125433;4.825050330266376;19.109269801127112;23.16268025603666;2019-10-28
2019-10-28;2019;44;Industrial;340591;1.5561186290888487;2.7892692408196345;35.96579563171076;21.35998896036595;2019-10-28
2019-11-04;2019;45;Agricultural;60103;1.6638104587125433;4.159526146781358;25.261692190311397;15.23521763829236;2019-11-04
2019-11-04;2019;45;Industrial;340591;1.5854793579395814;3.376483817834294;34.08022412302649;14.56291437950084;2019-11-04
2019-11-11;2019;46;Agricultural;60103;1.6638104587125433;3.3276209174250866;27.287830890304978;12.980980269584832;2019-11-11
2019-11-11;2019;46;Industrial;340591;1.6442008156410475;3.758173292893823;34.42133484778769;14.17490563671467;2019-11-11
2019-11-18;2019;47;Agricultural;60103;2.1629535963263065;2.828477779811324;24.53773189358268;11.978746009825988;2019-11-18
2019-11-18;2019;47;Industrial;340591;1.6735615444917804;3.4058445466850267;28.78347997619264;12.857913366555696;2019-11-18
2019-11-25;2019;48;Agricultural;60103;1.3310483669700348;3.161239871553833;36.43650019846882;17.801200795776776;2019-11-25
2019-11-25;2019;48;Industrial;340591;1.5267579002381155;3.4352052755357603;37.59981330770841;23.304608753607702;2019-11-25
2019-12-02;2019;49;Agricultural;60103;1.6638104587125433;1.8301915045837978;45.74636255380644;25.00324443039449;2019-12-02
2019-12-02;2019;49;Industrial;340591;1.2918720694322514;3.904976937147488;43.0773012205255;29.6248319622572;2019-12-02
2019-12-09;2019;50;Agricultural;60103;1.3310483669700348;3.4940019632963413;47.78063847537917;19.878720101920276;2019-12-09
2019-12-09;2019;50;Industrial;340591;1.9965295618498433;3.523287462087959;47.27369354193991;27.326917035388487;2019-12-09
2019-12-16;2019;51;Agricultural;60103;1.6638104587125433;4.658669284395121;37.183911428238666;19.06276130737472;2019-12-16
2019-12-16;2019;51;Industrial;340591;1.7616437310439794;3.787534021744556;34.19558209112983;26.30690644035976;2019-12-16
2019-12-23;2019;52;Agricultural;60103;1.4974294128412893;4.99143137613763;40.866067061068975;21.4340738874456;2019-12-23
2019-12-23;2019;52;Industrial;340591;2.0846117484020423;3.170958715879163;36.781274062690194;23.602625604149427;2019-12-23
2019-12-30;2019;1;Agricultural;60103;0.16638104587125435;0.8319052293562716;33.06448430194832;32.767083173884835;2019-12-30
2019-12-30;2019;1;Industrial;340591;0.6752967635668587;1.0863469674771207;37.9978245167958;41.23690878502367;2019-12-30
2023-01-02;2023;1;Agricultural;59596;2.5169474461373245;5.70508087791127;16.336953342985627;25.53105673439253;2023-01-02
2023-01-02;2023;1;Industrial;341484;2.5769875016106174;3.5726417635965375;18.504486133631865;28.292686375600947;2023-01-02
2023-01-09;2023;2;Agricultural;59596;2.01355795690986;3.5237264245922546;31.655904279290077;37.1858993412789;2023-01-09
2023-01-09;2023;2;Industrial;341484;2.049876421735718;4.216888638999192;29.660764528603725;22.67596181038392;2023-01-09
2023-01-16;2023;3;Agricultural;59596;2.3491509497281697;3.1881334317739447;27.204678166319887;25.88011899168688;2023-01-16
2023-01-16;2023;3;Industrial;341484;1.8741727284440852;3.7483454568881704;30.887837079168737;19.753496921838632;2023-01-16
2023-01-23;2023;4;Agricultural;59596;2.01355795690986;5.872877374320424;27.83109173194749;27.546951856788088;2023-01-23
2023-01-23;2023;4;Industrial;341484;2.079160370617657;4.099752843471436;30.395326909271635;20.133165410803603;2023-01-23
2023-01-30;2023;5;Agricultural;59596;1.6779649640915497;4.6983018994563395;27.10617730816066;38.29212890606273;2023-01-30
2023-01-30;2023;5;Industrial;341484;2.108444319499596;3.9826170479436813;38.43265022247435;35.07742299576471;2023-01-30
2023-02-06;2023;6;Agricultural;59596;2.5169474461373245;4.866098395865494;27.0860980602725;34.0784544504425;2023-02-06
2023-02-06;2023;6;Industrial;341484;2.1962961661454123;3.367654121422966;33.82486345312979;26.30801819620915;2023-02-06
2023-02-13;2023;7;Agricultural;59596;3.0203369353647895;4.6983018994563395;33.44100371069966;54.85528511021833;2023-02-13
2023-02-13;2023;7;Industrial;341484;2.108444319499596;3.7190615080062317;43.13280346119542;50.16278612509768;2023-02-13
2023-02-20;2023;8;Agricultural;59596;2.3491509497281697;1.6779649640915497;23.32132214050799;50.74946305121149;2023-02-20
2023-02-20;2023;8;Industrial;341484;1.8448887795621463;3.5433578147145988;32.9866747574034;51.34731098047681;2023-02-20
2023-02-27;2023;9;Agricultural;59596;1.8457614605007047;3.3559299281830994;22.173039417794104;29.774229814081483;2023-02-27
2023-02-27;2023;9;Industrial;341484;1.9327406262079627;3.6019257124784763;30.006936447137456;25.489213048258275;2023-02-27
2023-03-06;2023;10;Agricultural;59596;1.3423719712732398;2.01355795690986;19.743173798816795;24.248456272233035;2023-03-06
2023-03-06;2023;10;Industrial;341484;2.1670122172634736;3.953333099061742;30.160151280879923;19.944889699914828;2023-03-06
2023-03-13;2023;11;Agricultural;59596;2.3491509497281697;3.3559299281830994;20.619289645517913;20.816102231213986;2023-03-13
2023-03-13;2023;11;Industrial;341484;1.3470616485691862;3.7483454568881704;23.889612774160508;17.86108824174151;2023-03-13
2023-03-20;2023;12;Agricultural;59596;1.8457614605007047;2.5169474461373245;20.44606373390352;27.970966411935603;2023-03-20
2023-03-20;2023;12;Industrial;341484;1.6691850862705133;3.0455306837216383;26.42040011914384;25.77904884060663;2023-03-20
2023-03-27;2023;13;Agricultural;59596;1.1745754748640849;4.194912410228874;19.943854812882932;15.316886080561497;2023-03-27
2023-03-27;2023;13;Industrial;341484;1.7863208817982688;3.6897775591242925;25.820378449021664;14.272511826531927;2023-03-27
2023-04-03;2023;14;Agricultural;59596;1.3423719712732398;0.8389824820457749;17.74709712061212;18.24452504003145;2023-04-03
2023-04-03;2023;14;Industrial;341484;1.9913085239718407;3.777629405770109;19.245888993753315;14.325030915483177;2023-04-03
2023-04-10;2023;15;Agricultural;59596;3.0203369353647895;3.8593194174105645;14.56934070359468;12.165059016424879;2023-04-10
2023-04-10;2023;15;Industrial;341484;2.284148012791229;4.01190099682562;20.807355667782804;10.530637704004537;2023-04-10
2023-04-17;2023;16;Agricultural;59596;1.8457614605007047;3.0203369353647895;16.32068139760099;14.203870346044317;2023-04-17
2023-04-17;2023;16;Industrial;341484;1.6984690351524523;3.309086223659088;19.318387266000332;8.497271572648458;2023-04-17
2023-04-24;2023;17;Agricultural;59596;1.00677897845493;4.02711591381972;11.819563872934905;12.260506457768019;2023-04-24
2023-04-24;2023;17;Industrial;341484;1.3763455974511252;3.2212343770132716;16.925237827499135;9.40887462621131;2023-04-24
2023-05-01;2023;18;Agricultural;59596;1.3423719712732398;4.6983018994563395;13.258823938327595;14.731712578984206;2023-05-01
2023-05-01;2023;18;Industrial;341484;1.4349134952150027;3.484789916950721;17.511815487694886;11.837138573319477;2023-05-01
2023-05-08;2023;19;Agricultural;59596;2.181354453319015;3.0203369353647895;8.664612438035151;8.549804397227044;2023-05-08
2023-05-08;2023;19;Industrial;341484;1.6106171885066358;3.6604936102423538;16.9643990850021;6.431588511990522;2023-05-08
2023-05-15;2023;20;Agricultural;59596;1.3423719712732398;4.530505403047184;11.575023731218778;9.65656611661377;2023-05-15
2023-05-15;2023;20;Industrial;341484;1.6106171885066358;3.6897775591242925;20.66208289198239;8.38658995945428;2023-05-15
2023-05-22;2023;21;Agricultural;59596;2.01355795690986;3.1881334317739447;13.958498892543123;13.874389939880912;2023-05-22
2023-05-22;2023;21;Industrial;341484;1.6691850862705133;3.6897775591242925;17.468005486975336;9.44157475690139;2023-05-22
2023-05-29;2023;22;Agricultural;59596;1.6779649640915497;4.866098395865494;16.21570287555253;15.0352276758747;2023-05-29
2023-05-29;2023;22;Industrial;341484;1.4934813929788806;3.8654812524159254;16.02027377982152;10.520496672506722;2023-05-29
2023-06-05;2023;23;Agricultural;59596;1.6779649640915497;2.01355795690986;15.349058182236584;12.334003720288035;2023-06-05
2023-06-05;2023;23;Industrial;341484;1.4641974440969416;3.9240491501798034;16.184246699698964;10.59758373954354;2023-06-05
2023-06-12;2023;24;Agricultural;59596;0.8389824820457749;3.1881334317739447;15.476233543957887;11.214518232287881;2023-06-12
2023-06-12;2023;24;Industrial;341484;1.4934813929788806;4.158320741235314;14.612802649611695;9.087784911905514;2023-06-12
2023-06-19;2023;25;Agricultural;59596;1.00677897845493;4.02711591381972;17.89181824283509;16.14698973085442;2023-06-19
2023-06-19;2023;25;Industrial;341484;1.6984690351524523;3.455505968068782;19.010364844535697;12.744661536118823;2023-06-19
2023-06-26;2023;26;Agricultural;59596;1.8457614605007047;4.02711591381972;15.156309867392824;17.98727862847938;2023-06-26
2023-06-26;2023;26;Industrial;341484;1.3177776996872472;4.275456536763069;14.84000204150958;12.091727368109277;2023-06-26
2023-07-03;2023;27;Agricultural;59596;1.5101684676823948;2.5169474461373245;12.986251234502793;12.804644127602044;2023-07-03
2023-07-03;2023;27;Industrial;341484;1.1127900575136755;4.099752843471436;12.70501859949096;8.61085146009769;2023-07-03
2023-07-10;2023;28;Agricultural;59596;1.8457614605007047;2.181354453319015;15.513138465668836;18.522446377033933;2023-07-10
2023-07-10;2023;28;Industrial;341484;1.1420740063956145;4.890419463283784;15.229417860196756;13.892237578167226;2023-07-10
2023-07-17;2023;29;Agricultural;59596;1.3423719712732398;4.36270890663803;10.880817744239787;15.899760770137977;2023-07-17
2023-07-17;2023;29;Industrial;341484;1.7863208817982688;3.777629405770109;14.272283746404351;15.048752754782907;2023-07-17
2023-07-24;2023;30;Agricultural;59596;0.8389824820457749;3.1881334317739447;10.433015398924185;11.108482832021325;2023-07-24
2023-07-24;2023;30;Industrial;341484;1.6106171885066358;3.6604936102423538;13.87578593935378;7.408427000135544;2023-07-24
2023-07-31;2023;31;Agricultural;59596;1.1745754748640849;3.1881334317739447;9.853622486648193;9.711406805825893;2023-07-31
2023-07-31;2023;31;Industrial;341484;1.4349134952150027;3.5140738658326596;11.267301208004726;7.808363328463831;2023-07-31
2023-08-07;2023;32;Agricultural;59596;1.00677897845493;2.5169474461373245;12.84188799823574;10.836846672355767;2023-08-07
2023-08-07;2023;32;Industrial;341484;1.2592098019233697;3.5140738658326596;11.386322889840477;6.737774369683917;2023-08-07
2023-08-14;2023;33;Agricultural;59596;2.181354453319015;5.369487885092959;12.457134467318038;18.63521760808492;2023-08-14
2023-08-14;2023;33;Industrial;341484;1.6106171885066358;3.191950428131333;10.208808611823688;13.01629944594769;2023-08-14
2023-08-21;2023;34;Agricultural;59596;1.6779649640915497;3.1881334317739447;15.823006337913379;23.356037797359363;2023-08-21
2023-08-21;2023;34;Industrial;341484;2.079160370617657;4.421876281172763;14.175214860516368;14.911117358353538;2023-08-21
2023-08-28;2023;35;Agricultural;59596;2.181354453319015;2.6847439425464796;13.780355105328258;13.032955231894759;2023-08-28
2023-08-28;2023;35;Industrial;341484;1.3763455974511252;3.279802274777149;16.519939984638476;8.031008773471084;2023-08-28
2023-09-04;2023;36;Agricultural;59596;1.8457614605007047;2.3491509497281697;18.31849980343839;20.920387753732275;2023-09-04
2023-09-04;2023;36;Industrial;341484;1.5227653418608191;2.5769875016106174;18.102231938915356;11.986925553508469;2023-09-04
2023-09-11;2023;37;Agricultural;59596;1.00677897845493;3.1881334317739447;18.5477764567133;25.64498815836154;2023-09-11
2023-09-11;2023;37;Industrial;341484;1.7863208817982688;3.8654812524159254;19.37953771521611;17.953589124443397;2023-09-11
2023-09-18;2023;38;Agricultural;59596;2.01355795690986;4.194912410228874;14.708724219266871;13.69662872867786;2023-09-18
2023-09-18;2023;38;Industrial;341484;1.4349134952150027;3.6019257124784763;14.417185410904002;7.679252489553996;2023-09-18
2023-09-25;2023;39;Agricultural;59596;1.1745754748640849;3.0203369353647895;26.023492708043683;25.746727968320023;2023-09-25
2023-09-25;2023;39;Industrial;341484;1.581333239624697;4.919703412165724;20.13379434635716;13.354228267544851;2023-09-25
2023-10-02;2023;40;Agricultural;59596;1.1745754748640849;4.194912410228874;24.57655139846394;36.00102116153529;2023-10-02
2023-10-02;2023;40;Industrial;341484;1.8741727284440852;4.099752843471436;23.235519338283158;22.881630513540063;2023-10-02
2023-10-09;2023;41;Agricultural;59596;1.8457614605007047;2.181354453319015;23.080938078298637;27.71748823027432;2023-10-09
2023-10-09;2023;41;Industrial;341484;1.6984690351524523;3.5726417635965375;27.58040774133739;19.96578881754761;2023-10-09
2023-10-16;2023;42;Agricultural;59596;2.01355795690986;1.3423719712732398;20.17118694447374;14.036301573451718;2023-10-16
2023-10-16;2023;42;Industrial;341484;1.6984690351524523;4.129036792353375;22.78885808496361;8.87504246172588;2023-10-16
2023-10-23;2023;43;Agricultural;59596;2.3491509497281697;2.181354453319015;18.366957274217828;15.980724976748197;2023-10-23
2023-10-23;2023;43;Industrial;341484;1.6691850862705133;3.9240491501798034;22.75159308865339;10.051928808210215;2023-10-23
2023-10-30;2023;44;Agricultural;59596;2.852540438955635;3.1881334317739447;14.458357224358299;8.572775737585456;2023-10-30
2023-10-30;2023;44;Industrial;341484;1.727752984034391;4.597579974464397;19.86310728634849;5.526196165643403;2023-10-30
2023-11-06;2023;45;Agricultural;59596;1.1745754748640849;3.3559299281830994;24.67610290239997;22.86839481077349;2023-11-06
2023-11-06;2023;45;Industrial;341484;1.7863208817982688;4.861135514401846;27.759192608061955;10.07630895068081;2023-11-06
2023-11-13;2023;46;Agricultural;59596;2.01355795690986;4.36270890663803;33.29429156319216;28.858576318640754;2023-11-13
2023-11-13;2023;46;Industrial;341484;1.6691850862705133;4.480444178936641;34.811232025930515;18.12194129153928;2023-11-13
2023-11-20;2023;47;Agricultural;59596;1.5101684676823948;3.6915229210014093;35.99692117400017;30.060363591036793;2023-11-20
2023-11-20;2023;47;Industrial;341484;1.552049290742758;4.626863923346336;33.626991936037165;18.509777492189553;2023-11-20
2023-11-27;2023;48;Agricultural;59596;2.5169474461373245;4.194912410228874;30.820321593970835;22.9123598899255;2023-11-27
2023-11-27;2023;48;Industrial;341484;1.7863208817982688;4.919703412165724;36.48975463397574;18.84904751864551;2023-11-27
2023-12-04;2023;49;Agricultural;59596;1.1745754748640849;3.3559299281830994;30.908816027921336;31.54255319148936;2023-12-04
2023-12-04;2023;49;Industrial;341484;2.079160370617657;4.392592332290825;33.773514843615345;25.527570837872343;2023-12-04
2023-12-11;2023;50;Agricultural;59596;1.5101684676823948;3.5237264245922546;30.19500038353485;34.230331853528035;2023-12-11
2023-12-11;2023;50;Industrial;341484;2.108444319499596;4.480444178936641;35.67381266137547;25.298947702214033;2023-12-11
2023-12-18;2023;51;Agricultural;59596;3.3559299281830994;5.369487885092959;30.75495814675961;34.442448198824465;2023-12-18
2023-12-18;2023;51;Industrial;341484;3.0455306837216383;5.1832589521031736;38.861079791230544;22.88856829937232;2023-12-18
2023-12-25;2023;52;Agricultural;59596;2.5169474461373245;4.866098395865494;26.591759274352064;42.52096017949431;2023-12-25
2023-12-25;2023;52;Industrial;341484;3.836197303533987;4.392592332290825;28.801787324902904;36.10437134055225;2023-12-25
